,0,1,2,3,video
0,21328.603142505955,5704.264644942968,1403.185596630559,324.8763059499662,HNNA-102_res2160_mu100000_sigma0_rate100000_aqOn.yuv
1,15682.295219280808,2553.228795388099,760.6886801175199,294.23165415840526,HNNA-102_res1080_mu1200_sigma100_rate1218_aqOn.yuv
0,12372.645929393346,3221.152557081734,654.9668187062761,127.62970233254609,CHMA-101_res2160_mu100000_sigma0_rate100000_aqOn.yuv
1,11692.34544494568,1968.3029119351138,443.3962001651075,113.44127049478308,CHMA-101_res720_mu1500_sigma300_rate1826_aqOn.yuv
0,18105.40262603617,5006.782754594907,1262.3941946623138,323.42455183660684,HNNA-102_res2160_mu100000_sigma0_rate100000_aqOn.yuv
1,15682.295219280808,2553.228795388099,760.6886801175199,294.23165415840526,HNNA-102_res1080_mu5400_sigma300_rate5218_aqOn.yuv
0,21982.329712656854,6740.760144367174,1078.0840254370817,168.9604952069542,CHMA-313-2_res2160_mu100000_sigma0_rate100000_aqOn.yuv
1,19942.718823469248,5043.1487608854595,755.4863568169941,146.3022041307068,CHMA-313-2_res1080_mu1200_sigma100_rate954_aqOn.yuv
0,23449.08618834917,6430.915969722343,1432.8718913298162,360.4714813853832,BTFB-01h05m40s_res2160_mu100000_sigma0_rate100000_aqOn.yuv
1,19594.55097820652,2583.0068010407317,650.3394552807556,267.57445163813657,BTFB-01h05m40s_res1080_mu5400_sigma300_rate5202_aqOn.yuv
0,30518.52358287074,5960.053614865893,2324.132543781971,616.7885335878057,BTFB-01h05m40s_res2160_mu100000_sigma0_rate100000_aqOn.yuv
1,19594.55097820652,2583.0068010407317,650.3394552807556,267.57445163813657,BTFB-01h05m40s_res600_mu800_sigma50_rate779_aqOff.yuv
0,14879.493144994765,5372.309502646048,1460.1324403687174,431.21370412706995,BASN-00h37m18s_res2160_mu100000_sigma0_rate100000_aqOn.yuv
1,11968.504140073042,3059.8300266946753,956.2575964743144,392.3310992051321,BASN-00h37m18s_res720_mu1500_sigma100_rate1598_aqOn.yuv
0,23684.362434177645,4652.785963238996,1126.3023890324532,316.0133575371116,HERO-00h02m40s_res2160_mu100000_sigma0_rate100000_aqOn.yuv
1,10317.632015436231,2316.7932778664444,717.5371401703449,271.4757060843412,HERO-00h02m40s_res2160_mu1000_sigma100_rate964_aqOn.yuv
0,36451.8688465944,6457.085099431248,1181.4450960337651,311.1261520290745,HNNA-102_res2160_mu100000_sigma0_rate100000_aqOn.yuv
1,15682.295219280808,2553.228795388099,760.6886801175199,294.23165415840526,HNNA-102_res2160_mu1000_sigma100_rate941_aqOn.yuv
0,10100.616164556024,2706.8939572998056,818.5402499697663,298.83898269508154,CHEM_res2160_mu100000_sigma0_rate100000_aqOn.yuv
1,7435.715688813504,1767.279476528401,597.248134153609,229.33143598192407,CHEM_res720_mu1500_sigma300_rate1833_aqOn.yuv
0,23852.71493552738,6798.98718462583,2177.4661429915363,496.81552019949686,BTFB-01h41m55s_res2160_mu100000_sigma0_rate100000_aqOn.yuv
1,17295.40161748026,2850.990202448652,840.0565712856773,322.90752883949494,BTFB-01h41m55s_res720_mu1500_sigma100_rate1409_aqOff.yuv
0,17596.479991694134,4714.959483372885,1052.1110581137207,275.3869666523407,CARE-2_res2160_mu100000_sigma0_rate100000_aqOn.yuv
1,8356.683269474208,1943.3416560196085,680.3753658243942,256.5617871041335,CARE-2_res1080_mu1200_sigma100_rate1214_aqOn.yuv
0,13615.531988137176,4284.57145081769,1160.3472442293096,312.0218683615806,EXPA-510-1_res2160_mu100000_sigma0_rate100000_aqOn.yuv
1,24581.194186617668,2856.2538361184515,791.8407057293036,290.2594726349644,EXPA-510-1_res600_mu800_sigma200_rate807_aqOn.yuv
0,12368.370182366878,3532.7538176908174,904.4343028251694,274.9394229167029,HERO-00h02m40s_res2160_mu100000_sigma0_rate100000_aqOn.yuv
1,10317.632015436231,2316.7932778664444,717.5371401703449,271.4757060843412,HERO-00h02m40s_res1080_mu1200_sigma100_rate1179_aqOn.yuv
0,24519.587193337808,5315.86317669468,921.7133788486798,176.03064466132534,JKRY-108_res2160_mu100000_sigma0_rate100000_aqOn.yuv
1,8463.483613568775,2422.8950731252294,571.8938883293954,128.63868029997107,JKRY-108_res2160_mu1000_sigma100_rate842_aqOn.yuv
0,16879.401113698153,4560.346792312256,1020.2489952108361,206.02323206623174,BTFB-01h12m33s_res2160_mu100000_sigma0_rate100000_aqOn.yuv
1,23801.853881054372,3161.8529422585216,726.6880364733961,165.01901431346135,BTFB-01h12m33s_res600_mu800_sigma50_rate703_aqOn.yuv
0,12020.736717479329,3661.4288241989657,946.5881726409018,244.92673938380003,MOLV-102_res2160_mu100000_sigma0_rate100000_aqOn.yuv
1,11798.976107601933,2238.9314633075555,712.24883273431,265.9395283664993,MOLV-102_res600_mu800_sigma200_rate799_aqOn.yuv
0,23482.36102891781,6223.698276333421,1388.1752575029639,357.28767646859023,MSPY-2_res2160_mu100000_sigma0_rate100000_aqOn.yuv
1,8426.862645881924,2143.5333638725956,763.7926200094985,310.4979614064619,MSPY-2_res2160_mu3000_sigma300_rate3233_aqOn.yuv
0,19194.819406598734,4820.16797558431,1423.4738482022547,234.74850837741434,CHMA-302_res2160_mu100000_sigma0_rate100000_aqOn.yuv
1,13139.845636426491,5262.266573427875,1227.6214185517147,203.24475798417055,CHMA-302_res720_mu1500_sigma300_rate1113_aqOn.yuv
0,18780.7137956501,4830.878222591578,1495.4245971161504,378.7424801359179,HZLN_res2160_mu100000_sigma0_rate100000_aqOn.yuv
1,15274.092118626408,4340.034605984185,1222.0417615415636,359.3800425542917,HZLN_res1080_mu5400_sigma300_rate5291_aqOn.yuv
0,11853.457277443531,3983.865271930679,1208.8619184218114,338.0667380953122,THBY-103_res2160_mu100000_sigma0_rate100000_aqOn.yuv
1,15930.346229612638,2983.9695891682413,899.6908094525597,306.13530433446135,THBY-103_res600_mu800_sigma200_rate704_aqOn.yuv
0,39862.15033091856,8550.299847432432,1536.8958726294939,382.61140277577795,BTFB-01h05m40s_res2160_mu100000_sigma0_rate100000_aqOn.yuv
1,19594.55097820652,2583.0068010407317,650.3394552807556,267.57445163813657,BTFB-01h05m40s_res2160_mu3000_sigma300_rate3123_aqOn.yuv
0,46710.16272151045,8406.600164633488,1331.2106517874086,317.5628738253074,HNNA-202_res2160_mu100000_sigma0_rate100000_aqOn.yuv
1,39242.458959460746,6712.638910680787,1288.5109405326934,320.1394181393782,HNNA-202_res2160_mu11200_sigma300_rate11106_aqOn.yuv
0,11539.908422719298,3406.785872651584,886.5473716309384,176.21579365870036,AERO-00h13m10s_res2160_mu100000_sigma0_rate100000_aqOn.yuv
1,23942.931744356683,3630.943345881784,818.9234907218187,164.08475819434312,AERO-00h13m10s_res600_mu800_sigma50_rate766_aqOff.yuv
0,22216.80970800247,5664.890333693835,1390.8098195520809,361.96319974127647,HZLN_res2160_mu100000_sigma0_rate100000_aqOn.yuv
1,15274.092118626408,4340.034605984185,1222.0417615415636,359.3800425542917,HZLN_res2160_mu3000_sigma300_rate3623_aqOn.yuv
0,12577.963627555982,3839.433469225468,981.5411523695533,293.54721509016736,HERO-00h02m40s_res2160_mu100000_sigma0_rate100000_aqOn.yuv
1,10317.632015436231,2316.7932778664444,717.5371401703449,271.4757060843412,HERO-00h02m40s_res1080_mu1200_sigma100_rate1179_aqOff.yuv
0,17814.608515409385,4874.4952792870145,1180.3042284146572,326.40398856028656,HERO-00h01m57s_res2160_mu100000_sigma0_rate100000_aqOn.yuv
1,9525.654786263804,2369.076089125996,732.083355087311,276.4142717386965,HERO-00h01m57s_res1080_mu500_sigma100_rate440_aqOn.yuv
0,10436.46629814341,2948.1749941455396,908.8777665149503,313.6326615019708,HERO-00h02m40s_res2160_mu100000_sigma0_rate100000_aqOn.yuv
1,10317.632015436231,2316.7932778664444,717.5371401703449,271.4757060843412,HERO-00h02m40s_res720_mu1500_sigma100_rate1433_aqOn.yuv
0,41579.013613746596,11222.037156930119,2713.9375529903846,660.8172307805223,CIND-00h13m44s_res2160_mu100000_sigma0_rate100000_aqOn.yuv
1,44468.11735791276,12047.41239500129,2921.8511412009702,684.4595269245995,CIND-00h13m44s_res1080_mu1200_sigma100_rate1231_aqOff.yuv
0,10628.490663040391,2734.1208842199762,701.5613632164711,146.9050622750501,Wot_res2160_mu100000_sigma0_rate100000_aqOn.yuv
1,7481.936225252593,2192.915409561504,579.0780751250048,147.22840743870307,Wot_res600_mu800_sigma200_rate956_aqOn.yuv
0,31888.228554527148,5562.719091184287,1040.9243419070756,230.85822879955072,BTFB-01h12m21s_res2160_mu100000_sigma0_rate100000_aqOn.yuv
1,24448.620540643813,3352.7401450330963,708.6198978714201,190.52605535853803,BTFB-01h12m21s_res2160_mu11200_sigma300_rate10755_aqOn.yuv
0,25809.9352635463,6843.885284531755,2368.0716626033745,500.7397564676872,BTFB-01h41m55s_res2160_mu100000_sigma0_rate100000_aqOn.yuv
1,17295.40161748026,2850.990202448652,840.0565712856773,322.90752883949494,BTFB-01h41m55s_res720_mu1500_sigma100_rate1409_aqOn.yuv
0,15218.898845590036,3696.7682498179583,779.3212107880586,145.29182875820243,MRSM-301_res2160_mu100000_sigma0_rate100000_aqOn.yuv
1,7597.002522167529,2019.9626947575816,442.8113262295131,116.94896685898424,MRSM-301_res1080_mu500_sigma100_rate475_aqOn.yuv
0,19815.677788349414,4729.622731636098,928.526706131621,157.28278092427604,JKRY-108_res2160_mu100000_sigma0_rate100000_aqOn.yuv
1,8463.483613568775,2422.8950731252294,571.8938883293954,128.63868029997107,JKRY-108_res2160_mu3000_sigma300_rate2538_aqOn.yuv
0,50036.352538133135,8293.065340196543,1249.004710000831,311.30249676750384,HNNA-202_res2160_mu100000_sigma0_rate100000_aqOn.yuv
1,39242.458959460746,6712.638910680787,1288.5109405326934,320.1394181393782,HNNA-202_res2160_mu3000_sigma300_rate3037_aqOn.yuv
0,17103.28955103485,4728.508146438593,1232.3751835911987,232.12477179229055,CMDY-101-00h10m21s_res2160_mu100000_sigma0_rate100000_aqOn.yuv
1,8950.30855665375,2054.4772501647444,564.3279029728737,165.5991543247594,CMDY-101-00h10m21s_res600_mu800_sigma200_rate537_aqOn.yuv
0,12789.09235833515,3285.8361513244595,696.4525565672586,134.47876188223026,MRSM-301_res2160_mu100000_sigma0_rate100000_aqOn.yuv
1,7597.002522167529,2019.9626947575816,442.8113262295131,116.94896685898424,MRSM-301_res1080_mu1200_sigma100_rate1109_aqOn.yuv
0,14296.770171825827,4152.75970066797,1053.5782741906728,298.6781189785645,EXPA-510-1_res2160_mu100000_sigma0_rate100000_aqOn.yuv
1,24581.194186617668,2856.2538361184515,791.8407057293036,290.2594726349644,EXPA-510-1_res720_mu1500_sigma300_rate1736_aqOn.yuv
0,19713.570026101723,4972.457700738319,1464.3214247747305,271.7406529246091,BTFB-01h12m21s_res2160_mu100000_sigma0_rate100000_aqOn.yuv
1,24448.620540643813,3352.7401450330963,708.6198978714201,190.52605535853803,BTFB-01h12m21s_res720_mu1500_sigma100_rate1624_aqOff.yuv
0,32040.19748243033,8279.531438000624,2122.7135210716206,351.75843894606027,BTFB-01h41m55s_res2160_mu100000_sigma0_rate100000_aqOn.yuv
1,17295.40161748026,2850.990202448652,840.0565712856773,322.90752883949494,BTFB-01h41m55s_res1080_mu500_sigma100_rate386_aqOn.yuv
0,37624.420829817034,7423.276692082019,1311.495366305282,222.45568764568284,BTFB-01h12m33s_res2160_mu100000_sigma0_rate100000_aqOn.yuv
1,23801.853881054372,3161.8529422585216,726.6880364733961,165.01901431346135,BTFB-01h12m33s_res2160_mu1000_sigma100_rate984_aqOn.yuv
0,25654.24984928482,4103.554333180647,644.4941329964058,113.19151851609652,EplJuvVsRma-night2_res2160_mu100000_sigma0_rate100000_aqOn.yuv
1,19336.658340343485,3750.479125980479,662.5027517033028,121.75168030840956,EplJuvVsRma-night2_res2160_mu1700_sigma0_rate1700_aqOn.yuv
0,13149.52278520403,3938.7828666800933,748.1311889092632,133.64728056905867,EplJuvVsRma-night2_res2160_mu100000_sigma0_rate100000_aqOn.yuv
1,19336.658340343485,3750.479125980479,662.5027517033028,121.75168030840956,EplJuvVsRma-night2_res600_mu800_sigma200_rate595_aqOn.yuv
0,19030.278108434002,2760.1650165022047,836.198590329783,315.43467084298214,EXPA-505_res2160_mu100000_sigma0_rate100000_aqOn.yuv
1,8177.569333683881,1714.39172160739,688.3125716194847,297.4540628054656,EXPA-505_res2160_mu11200_sigma300_rate10936_aqOn.yuv
0,39557.665620082385,10262.953577587186,2277.7253815034296,537.4177176509862,Disney_res2160_mu100000_sigma0_rate100000_aqOn.yuv
1,10030.588442145012,3278.9636192057064,1284.616610397477,400.9299732562856,Disney_res2160_mu1000_sigma100_rate870_aqOn.yuv
0,56783.56109654204,9957.41891865315,1607.8963526944801,177.70291579678153,EplLeyVsWre-day_res2160_mu100000_sigma0_rate100000_aqOn.yuv
1,24539.633326769745,3457.5660909980757,673.5978103546367,121.24007737278349,EplLeyVsWre-day_res2160_mu3000_sigma300_rate2906_aqOn.yuv
0,28065.952258254045,4651.95075549908,921.8561377437113,275.01776839674267,CARE-2_res2160_mu100000_sigma0_rate100000_aqOn.yuv
1,8356.683269474208,1943.3416560196085,680.3753658243942,256.5617871041335,CARE-2_res2160_mu1000_sigma100_rate971_aqOn.yuv
0,47733.98006237683,11503.700964761552,1961.6497650001265,384.9087341983193,BTFB-01h05m40s_res2160_mu100000_sigma0_rate100000_aqOn.yuv
1,19594.55097820652,2583.0068010407317,650.3394552807556,267.57445163813657,BTFB-01h05m40s_res2160_mu1000_sigma100_rate985_aqOn.yuv
0,28269.369763234674,8423.758450075313,3014.166044007876,662.6771845299735,BTFB-01h05m40s_res2160_mu100000_sigma0_rate100000_aqOn.yuv
1,19594.55097820652,2583.0068010407317,650.3394552807556,267.57445163813657,BTFB-01h05m40s_res720_mu1500_sigma100_rate1597_aqOff.yuv
0,41169.03782822194,8280.866896716016,942.4378066752873,147.83994909128538,CHMA-313-2_res2160_mu100000_sigma0_rate100000_aqOn.yuv
1,19942.718823469248,5043.1487608854595,755.4863568169941,146.3022041307068,CHMA-313-2_res2160_mu1000_sigma100_rate1044_aqOn.yuv
0,34706.4294046482,8477.449073692309,2254.5558800752688,501.87689012260734,CIND-00h13m44s_res2160_mu100000_sigma0_rate100000_aqOn.yuv
1,44468.11735791276,12047.41239500129,2921.8511412009702,684.4595269245995,CIND-00h13m44s_res1080_mu500_sigma100_rate499_aqOn.yuv
0,13536.601697305894,4431.539039151138,1087.7142376049615,340.00289054418124,MSPY-2_res2160_mu100000_sigma0_rate100000_aqOn.yuv
1,8426.862645881924,2143.5333638725956,763.7926200094985,310.4979614064619,MSPY-2_res1080_mu5400_sigma300_rate5530_aqOn.yuv
0,8662.772551307531,2453.952031047018,774.6314215116928,275.29006191288715,HERO-00h02m40s_res2160_mu100000_sigma0_rate100000_aqOn.yuv
1,10317.632015436231,2316.7932778664444,717.5371401703449,271.4757060843412,HERO-00h02m40s_res1080_mu5400_sigma300_rate5608_aqOn.yuv
0,28001.516497024855,3924.0072060151847,635.8479522595146,120.0582730229266,EplJuvVsRma-night2_res2160_mu100000_sigma0_rate100000_aqOn.yuv
1,19336.658340343485,3750.479125980479,662.5027517033028,121.75168030840956,EplJuvVsRma-night2_res2160_mu3000_sigma300_rate3107_aqOn.yuv
0,27714.157702267126,5479.412310286381,1305.1218292591498,369.0940494777366,BTFB-01h41m55s_res2160_mu100000_sigma0_rate100000_aqOn.yuv
1,17295.40161748026,2850.990202448652,840.0565712856773,322.90752883949494,BTFB-01h41m55s_res2160_mu11200_sigma300_rate11259_aqOn.yuv
0,34793.70100485076,6849.012217874377,1020.5454386713812,173.42121770713993,AERO-00h13m10s_res2160_mu100000_sigma0_rate100000_aqOn.yuv
1,23942.931744356683,3630.943345881784,818.9234907218187,164.08475819434312,AERO-00h13m10s_res2160_mu3000_sigma300_rate2852_aqOn.yuv
0,16169.871375788318,3998.8605033683084,785.6822755156927,155.56992092399256,Wot-2_res2160_mu100000_sigma0_rate100000_aqOn.yuv
1,6694.2884959820785,1598.0033249097273,369.35229301363614,107.7016760480636,Wot-2_res1080_mu1200_sigma100_rate1272_aqOff.yuv
0,35422.47494912115,6044.265571280672,1018.1936918162016,176.3363096556582,BTFB-01h12m33s_res2160_mu100000_sigma0_rate100000_aqOn.yuv
1,23801.853881054372,3161.8529422585216,726.6880364733961,165.01901431346135,BTFB-01h12m33s_res2160_mu3000_sigma300_rate3012_aqOn.yuv
0,16412.971384690103,4266.633388356554,1155.9725834303008,305.24200108008324,HNNA-102_res2160_mu100000_sigma0_rate100000_aqOn.yuv
1,15682.295219280808,2553.228795388099,760.6886801175199,294.23165415840526,HNNA-102_res720_mu1500_sigma300_rate1142_aqOn.yuv
0,33466.75504947529,5840.664334967711,1004.8205443386591,170.16862990297247,BTFB-01h12m33s_res2160_mu100000_sigma0_rate100000_aqOn.yuv
1,23801.853881054372,3161.8529422585216,726.6880364733961,165.01901431346135,BTFB-01h12m33s_res2160_mu3000_sigma300_rate3012_aqOff.yuv
0,45564.8569953328,10103.437629627915,2388.5588381579146,585.2026505446584,7500-00h15m25s_res2160_mu100000_sigma0_rate100000_aqOn.yuv
1,23953.367884620417,5174.480918213736,1400.4626765927162,460.342937009651,7500-00h15m25s_res2160_mu1000_sigma100_rate788_aqOn.yuv
0,17647.493465276926,3796.5318283587685,1307.3795012750695,258.02218686522326,BTFB-01h12m21s_res2160_mu100000_sigma0_rate100000_aqOn.yuv
1,24448.620540643813,3352.7401450330963,708.6198978714201,190.52605535853803,BTFB-01h12m21s_res600_mu800_sigma50_rate806_aqOff.yuv
0,14893.011664153262,3749.0279784922946,1036.884989657546,334.5766318943896,CARE-2_res2160_mu100000_sigma0_rate100000_aqOn.yuv
1,8356.683269474208,1943.3416560196085,680.3753658243942,256.5617871041335,CARE-2_res720_mu1500_sigma300_rate1229_aqOn.yuv
0,12835.608109152214,3561.010831159303,799.5569852208165,140.65052428273935,CHMA-402_res2160_mu100000_sigma0_rate100000_aqOn.yuv
1,10888.080166451495,3137.717215815768,639.430287312551,119.74628419195291,CHMA-402_res1080_mu1200_sigma100_rate1193_aqOn.yuv
0,17482.17476214153,4422.025842385568,821.5546812365,123.06225197003303,EplJuvVsRma-night3_res2160_mu100000_sigma0_rate100000_aqOn.yuv
1,17939.76270861606,2996.685275478388,496.6435948817766,103.37368599826853,EplJuvVsRma-night3_res1080_mu500_sigma100_rate588_aqOn.yuv
0,20614.377400577872,5287.950355694007,1515.9718709421454,384.5134827354034,HZLN_res2160_mu100000_sigma0_rate100000_aqOn.yuv
1,15274.092118626408,4340.034605984185,1222.0417615415636,359.3800425542917,HZLN_res1080_mu1200_sigma100_rate1339_aqOn.yuv
0,68754.67733070446,15077.705018569577,2800.3449121414465,414.7336509925905,EplJuvVsRma-night1_res2160_mu100000_sigma0_rate100000_aqOn.yuv
1,20080.94869723258,3388.7667300220046,715.577805340117,154.34698102363947,EplJuvVsRma-night1_res2160_mu1700_sigma0_rate1700_aqOn.yuv
0,22506.168587172728,6266.74721174881,1190.4264734778162,190.8914633891789,BTFB-01h12m33s_res2160_mu100000_sigma0_rate100000_aqOn.yuv
1,23801.853881054372,3161.8529422585216,726.6880364733961,165.01901431346135,BTFB-01h12m33s_res1080_mu1200_sigma100_rate1213_aqOff.yuv
0,31125.107390790054,4183.629872659458,1027.42017318622,310.08883544637865,THBY-103_res2160_mu100000_sigma0_rate100000_aqOn.yuv
1,15930.346229612638,2983.9695891682413,899.6908094525597,306.13530433446135,THBY-103_res2160_mu11200_sigma300_rate11198_aqOn.yuv
0,35007.92471627758,4865.493234281628,932.19918251329,295.9537801471398,BTFB-01h05m40s_res2160_mu100000_sigma0_rate100000_aqOn.yuv
1,19594.55097820652,2583.0068010407317,650.3394552807556,267.57445163813657,BTFB-01h05m40s_res2160_mu11200_sigma300_rate11099_aqOn.yuv
0,14235.22392342651,4334.688269434855,1109.7926823790456,287.7127408492496,HNNA-102_res2160_mu100000_sigma0_rate100000_aqOn.yuv
1,15682.295219280808,2553.228795388099,760.6886801175199,294.23165415840526,HNNA-102_res600_mu800_sigma200_rate654_aqOn.yuv
0,28203.271419306973,7771.171645729543,1575.387415197245,268.7137248327625,BTFB-00h33m50s_res2160_mu100000_sigma0_rate100000_aqOn.yuv
1,10362.673391228056,2882.5690593226172,752.9164407633007,199.76440069585428,BTFB-00h33m50s_res1080_mu1200_sigma100_rate1220_aqOff.yuv
0,56260.41972659038,11965.67209245448,2185.4159238093284,247.31764358514394,EplLeyVsWre-day_res2160_mu100000_sigma0_rate100000_aqOn.yuv
1,24539.633326769745,3457.5660909980757,673.5978103546367,121.24007737278349,EplLeyVsWre-day_res2160_mu1700_sigma0_rate1700_aqOn.yuv
0,19861.485960182345,4465.345841053434,686.278932040869,132.0709363512846,CHMA-313_res2160_mu100000_sigma0_rate100000_aqOn.yuv
1,16694.25987979357,4058.1238722300227,645.1602685412776,135.20357581116602,CHMA-313_res2160_mu11200_sigma300_rate11234_aqOn.yuv
0,20562.794901050234,3684.3178347627954,666.4867417621664,120.863444724717,EplJuvVsRma-night2_res2160_mu100000_sigma0_rate100000_aqOn.yuv
1,19336.658340343485,3750.479125980479,662.5027517033028,121.75168030840956,EplJuvVsRma-night2_res2160_mu11200_sigma300_rate11053_aqOn.yuv
0,18716.731387265565,3908.07804328787,758.2291821444692,142.0448534504918,CHMA-402_res2160_mu100000_sigma0_rate100000_aqOn.yuv
1,10888.080166451495,3137.717215815768,639.430287312551,119.74628419195291,CHMA-402_res2160_mu1000_sigma100_rate966_aqOn.yuv
0,9570.401876721626,2658.786378791281,852.8126430052816,273.7866581317618,HERO-00h01m57s_res2160_mu100000_sigma0_rate100000_aqOn.yuv
1,9525.654786263804,2369.076089125996,732.083355087311,276.4142717386965,HERO-00h01m57s_res600_mu800_sigma50_rate780_aqOff.yuv
0,28333.549425596735,8265.39051396445,3025.4241904172695,646.5756690341852,BTFB-01h05m40s_res2160_mu100000_sigma0_rate100000_aqOn.yuv
1,19594.55097820652,2583.0068010407317,650.3394552807556,267.57445163813657,BTFB-01h05m40s_res720_mu1500_sigma100_rate1597_aqOn.yuv
0,10153.600184642659,3083.7359636303563,809.361295881185,325.48324437743497,COVT-110_res2160_mu100000_sigma0_rate100000_aqOn.yuv
1,10529.305962892753,1674.316443799336,601.6779311197384,248.4487939410078,COVT-110_res1080_mu1200_sigma100_rate1101_aqOn.yuv
0,13535.512377049683,2654.038132493497,749.9679738395376,274.48116672766,HERO-00h02m40s_res2160_mu100000_sigma0_rate100000_aqOn.yuv
1,10317.632015436231,2316.7932778664444,717.5371401703449,271.4757060843412,HERO-00h02m40s_res2160_mu11200_sigma300_rate11398_aqOn.yuv
0,20479.68495754018,3103.4696671812762,765.7874136504652,269.6934652260338,MOLV-102_res2160_mu100000_sigma0_rate100000_aqOn.yuv
1,11798.976107601933,2238.9314633075555,712.24883273431,265.9395283664993,MOLV-102_res2160_mu11200_sigma300_rate11279_aqOn.yuv
0,39278.33432027849,9619.065962923729,2177.6687377812473,402.8529607726003,BTFB-01h05m40s_res2160_mu100000_sigma0_rate100000_aqOn.yuv
1,19594.55097820652,2583.0068010407317,650.3394552807556,267.57445163813657,BTFB-01h05m40s_res1080_mu500_sigma100_rate481_aqOn.yuv
0,21317.34158414869,5178.955403860447,1356.6701518498699,213.4656027804295,CHMA-302_res2160_mu100000_sigma0_rate100000_aqOn.yuv
1,13139.845636426491,5262.266573427875,1227.6214185517147,203.24475798417055,CHMA-302_res1080_mu500_sigma100_rate629_aqOn.yuv
0,28418.78328439787,5802.49159090156,1395.9747549894753,441.11569596937875,BASN-00h37m18s_res2160_mu100000_sigma0_rate100000_aqOn.yuv
1,11968.504140073042,3059.8300266946753,956.2575964743144,392.3310992051321,BASN-00h37m18s_res2160_mu11200_sigma300_rate11167_aqOn.yuv
0,18624.55354761962,5278.125851773396,866.8065428196276,150.85634371242926,CHMA-313-2_res2160_mu100000_sigma0_rate100000_aqOn.yuv
1,19942.718823469248,5043.1487608854595,755.4863568169941,146.3022041307068,CHMA-313-2_res720_mu1500_sigma300_rate1682_aqOn.yuv
0,27115.536915654266,7838.4782416992775,1691.8283378390975,259.94977549628703,BTFB-00h33m50s_res2160_mu100000_sigma0_rate100000_aqOn.yuv
1,10362.673391228056,2882.5690593226172,752.9164407633007,199.76440069585428,BTFB-00h33m50s_res1080_mu1200_sigma100_rate1220_aqOn.yuv
0,10189.649335176127,2683.36206160721,558.787543909065,107.67679262534227,EplJuvVsRma-night3_res2160_mu100000_sigma0_rate100000_aqOn.yuv
1,17939.76270861606,2996.685275478388,496.6435948817766,103.37368599826853,EplJuvVsRma-night3_res600_mu800_sigma200_rate974_aqOn.yuv
0,23794.854829881042,7074.2808739551665,2248.077785261473,553.5379422205385,7500-00h15m25s_res2160_mu100000_sigma0_rate100000_aqOn.yuv
1,23953.367884620417,5174.480918213736,1400.4626765927162,460.342937009651,7500-00h15m25s_res1080_mu5400_sigma300_rate5638_aqOn.yuv
0,13865.580361627668,4164.227847088374,908.2889022982887,158.41121801284433,CHMA-313-2_res2160_mu100000_sigma0_rate100000_aqOn.yuv
1,19942.718823469248,5043.1487608854595,755.4863568169941,146.3022041307068,CHMA-313-2_res600_mu800_sigma200_rate695_aqOn.yuv
0,17887.10251926426,4220.855964476021,691.426858896291,121.16265145375951,EplJuvVsRma-night2_res2160_mu100000_sigma0_rate100000_aqOn.yuv
1,19336.658340343485,3750.479125980479,662.5027517033028,121.75168030840956,EplJuvVsRma-night2_res1080_mu1200_sigma100_rate892_aqOn.yuv
0,36642.4974037085,5398.026671402867,1117.3577068781271,310.38326810351765,THBY-103_res2160_mu100000_sigma0_rate100000_aqOn.yuv
1,15930.346229612638,2983.9695891682413,899.6908094525597,306.13530433446135,THBY-103_res2160_mu1000_sigma100_rate922_aqOn.yuv
0,14900.267991545372,4184.717554985711,947.2846778028542,183.15501638104038,CMDY-101-00h10m21s_res2160_mu100000_sigma0_rate100000_aqOn.yuv
1,8950.30855665375,2054.4772501647444,564.3279029728737,165.5991543247594,CMDY-101-00h10m21s_res720_mu1500_sigma300_rate1807_aqOn.yuv
0,40491.88955131748,10023.969870362296,2667.273830112952,575.8926122440936,CIND-00h13m44s_res2160_mu100000_sigma0_rate100000_aqOn.yuv
1,44468.11735791276,12047.41239500129,2921.8511412009702,684.4595269245995,CIND-00h13m44s_res1080_mu1200_sigma100_rate1231_aqOn.yuv
0,27088.168399654616,5282.820813695065,906.7297672412935,169.16204781906,Wot-2_res2160_mu100000_sigma0_rate100000_aqOn.yuv
1,6694.2884959820785,1598.0033249097273,369.35229301363614,107.7016760480636,Wot-2_res2160_mu1000_sigma100_rate853_aqOn.yuv
0,8087.732993018636,3803.3228820157665,1001.7429480425477,322.3913932874748,EXPA-505_res2160_mu100000_sigma0_rate100000_aqOn.yuv
1,8177.569333683881,1714.39172160739,688.3125716194847,297.4540628054656,EXPA-505_res1080_mu5400_sigma300_rate5136_aqOn.yuv
0,19032.76539916952,6061.221553097762,914.6716047035301,148.78689317844686,CHMA-313-2_res2160_mu100000_sigma0_rate100000_aqOn.yuv
1,19942.718823469248,5043.1487608854595,755.4863568169941,146.3022041307068,CHMA-313-2_res1080_mu5400_sigma300_rate5646_aqOn.yuv
0,32350.525259498998,6999.103204128499,1226.9150220484494,223.6966730990798,BTFB-01h12m21s_res2160_mu100000_sigma0_rate100000_aqOn.yuv
1,24448.620540643813,3352.7401450330963,708.6198978714201,190.52605535853803,BTFB-01h12m21s_res2160_mu3000_sigma300_rate3219_aqOn.yuv
0,22235.244168316898,6011.796520710649,1386.8831575226588,317.00781727678094,HNNA-202_res2160_mu100000_sigma0_rate100000_aqOn.yuv
1,39242.458959460746,6712.638910680787,1288.5109405326934,320.1394181393782,HNNA-202_res1080_mu5400_sigma300_rate5386_aqOn.yuv
0,13015.129479481417,3134.9351588376326,1125.0271960038845,344.2212938543013,EXPA-505_res2160_mu100000_sigma0_rate100000_aqOn.yuv
1,8177.569333683881,1714.39172160739,688.3125716194847,297.4540628054656,EXPA-505_res600_mu800_sigma50_rate809_aqOn.yuv
0,59855.49305026388,13668.262232494166,2400.985191681845,316.66352181966255,EplJuvVsRma-night1_res2160_mu100000_sigma0_rate100000_aqOn.yuv
1,20080.94869723258,3388.7667300220046,715.577805340117,154.34698102363947,EplJuvVsRma-night1_res2160_mu3000_sigma300_rate2520_aqOn.yuv
0,48159.28965197111,12981.790684851,3166.655152807245,395.2959122370882,EplLeyVsWre-day_res2160_mu100000_sigma0_rate100000_aqOn.yuv
1,24539.633326769745,3457.5660909980757,673.5978103546367,121.24007737278349,EplLeyVsWre-day_res1080_mu500_sigma100_rate455_aqOn.yuv
0,10383.15203498244,2829.516281271016,903.0105491687665,284.2780320224205,HERO-00h02m40s_res2160_mu100000_sigma0_rate100000_aqOn.yuv
1,10317.632015436231,2316.7932778664444,717.5371401703449,271.4757060843412,HERO-00h02m40s_res600_mu800_sigma50_rate831_aqOff.yuv
0,11490.890208031598,2961.689869085356,601.921280671088,126.45335347113374,MRSM-301_res2160_mu100000_sigma0_rate100000_aqOn.yuv
1,7597.002522167529,2019.9626947575816,442.8113262295131,116.94896685898424,MRSM-301_res600_mu800_sigma200_rate1060_aqOn.yuv
0,29181.857364375763,4129.749951320065,834.1721177517495,271.120517991631,CARE-2_res2160_mu100000_sigma0_rate100000_aqOn.yuv
1,8356.683269474208,1943.3416560196085,680.3753658243942,256.5617871041335,CARE-2_res2160_mu3000_sigma300_rate2565_aqOn.yuv
0,46096.652225106474,11032.349670094995,2014.9424092973443,497.0450790601639,BASN-00h37m18s_res2160_mu100000_sigma0_rate100000_aqOn.yuv
1,11968.504140073042,3059.8300266946753,956.2575964743144,392.3310992051321,BASN-00h37m18s_res2160_mu1000_sigma100_rate922_aqOn.yuv
0,11897.707679276382,2795.2913521285222,574.9858672046729,106.07315955691111,EplJuvVsRma-night3_res2160_mu100000_sigma0_rate100000_aqOn.yuv
1,17939.76270861606,2996.685275478388,496.6435948817766,103.37368599826853,EplJuvVsRma-night3_res720_mu1500_sigma300_rate1687_aqOn.yuv
0,31840.964248319207,6902.737000290468,895.4166502811137,141.56959207870676,CHMA-313-2_res2160_mu100000_sigma0_rate100000_aqOn.yuv
1,19942.718823469248,5043.1487608854595,755.4863568169941,146.3022041307068,CHMA-313-2_res2160_mu3000_sigma300_rate3249_aqOn.yuv
0,17521.38885896287,4851.728714132123,1408.9357295741963,223.72346651655093,CHMA-302_res2160_mu100000_sigma0_rate100000_aqOn.yuv
1,13139.845636426491,5262.266573427875,1227.6214185517147,203.24475798417055,CHMA-302_res1080_mu5400_sigma300_rate5415_aqOn.yuv
0,18208.015434265293,3735.2728801240364,1317.3612006435515,264.0763025154279,BTFB-01h12m21s_res2160_mu100000_sigma0_rate100000_aqOn.yuv
1,24448.620540643813,3352.7401450330963,708.6198978714201,190.52605535853803,BTFB-01h12m21s_res600_mu800_sigma50_rate806_aqOn.yuv
0,32179.923043272218,6744.163306263116,1236.3558023645653,217.90355731064093,BTFB-00h33m50s_res2160_mu100000_sigma0_rate100000_aqOn.yuv
1,10362.673391228056,2882.5690593226172,752.9164407633007,199.76440069585428,BTFB-00h33m50s_res2160_mu3000_sigma300_rate2862_aqOn.yuv
0,12343.902711332159,3611.438725980013,861.4773593794164,181.78621323120456,CMDY-101-00h10m21s_res2160_mu100000_sigma0_rate100000_aqOn.yuv
1,8950.30855665375,2054.4772501647444,564.3279029728737,165.5991543247594,CMDY-101-00h10m21s_res1080_mu5400_sigma300_rate5789_aqOn.yuv
0,17520.301403473346,5145.5381141749085,1134.3320007773643,188.10703503078517,JKRY-108_res2160_mu100000_sigma0_rate100000_aqOn.yuv
1,8463.483613568775,2422.8950731252294,571.8938883293954,128.63868029997107,JKRY-108_res1080_mu1200_sigma100_rate1052_aqOn.yuv
0,12650.769460387875,5203.164447831199,1395.2188486829027,364.1879904739443,Disney-3_res2160_mu100000_sigma0_rate100000_aqOn.yuv
1,8463.593166735174,2087.297438273664,793.8836203045955,328.05450262472084,Disney-3_res1080_mu5400_sigma300_rate5404_aqOn.yuv
0,33930.714405019826,5616.284650694031,959.5972844384273,171.29110615784845,AERO-00h13m10s_res2160_mu100000_sigma0_rate100000_aqOn.yuv
1,23942.931744356683,3630.943345881784,818.9234907218187,164.08475819434312,AERO-00h13m10s_res2160_mu11200_sigma300_rate11201_aqOn.yuv
0,14115.55730374475,2182.5176204468958,629.5775293297258,250.8492135367806,COVT-110_res2160_mu100000_sigma0_rate100000_aqOn.yuv
1,10529.305962892753,1674.316443799336,601.6779311197384,248.4487939410078,COVT-110_res2160_mu3000_sigma300_rate2853_aqOn.yuv
0,38975.10525728497,9638.478878872274,2214.7472188322186,544.0421489385199,7500-00h15m25s_res2160_mu100000_sigma0_rate100000_aqOn.yuv
1,23953.367884620417,5174.480918213736,1400.4626765927162,460.342937009651,7500-00h15m25s_res2160_mu3000_sigma300_rate3372_aqOn.yuv
0,35019.685058442905,4890.9905290511915,1096.993527905999,325.1858622119616,THBY-103_res2160_mu100000_sigma0_rate100000_aqOn.yuv
1,15930.346229612638,2983.9695891682413,899.6908094525597,306.13530433446135,THBY-103_res2160_mu3000_sigma300_rate3264_aqOn.yuv
0,23588.102690824857,5839.621382142887,1987.1323502176792,481.2857931771424,BTFB-01h41m55s_res2160_mu100000_sigma0_rate100000_aqOn.yuv
1,17295.40161748026,2850.990202448652,840.0565712856773,322.90752883949494,BTFB-01h41m55s_res600_mu800_sigma50_rate787_aqOn.yuv
0,16584.38154294328,4464.291824342645,1228.562343189654,340.8138036682371,HERO-00h02m40s_res2160_mu100000_sigma0_rate100000_aqOn.yuv
1,10317.632015436231,2316.7932778664444,717.5371401703449,271.4757060843412,HERO-00h02m40s_res1080_mu500_sigma100_rate580_aqOn.yuv
0,15803.105685105265,4693.620416310928,1231.6239492499733,297.28091682829876,HNNA-202_res2160_mu100000_sigma0_rate100000_aqOn.yuv
1,39242.458959460746,6712.638910680787,1288.5109405326934,320.1394181393782,HNNA-202_res600_mu800_sigma200_rate958_aqOn.yuv
0,19731.89656855542,5283.265097301097,975.4139753835882,149.9157150711689,CHMA-313_res2160_mu100000_sigma0_rate100000_aqOn.yuv
1,16694.25987979357,4058.1238722300227,645.1602685412776,135.20357581116602,CHMA-313_res1080_mu1200_sigma100_rate1091_aqOn.yuv
0,26990.630825937238,7365.35699690906,2290.112072295823,600.5849081968977,7500-00h15m25s_res2160_mu100000_sigma0_rate100000_aqOn.yuv
1,23953.367884620417,5174.480918213736,1400.4626765927162,460.342937009651,7500-00h15m25s_res600_mu800_sigma50_rate840_aqOn.yuv
0,11110.906868784674,3074.1890557930483,855.4534162128833,322.8392538041499,HERO-00h02m40s_res2160_mu100000_sigma0_rate100000_aqOn.yuv
1,10317.632015436231,2316.7932778664444,717.5371401703449,271.4757060843412,HERO-00h02m40s_res720_mu1500_sigma100_rate1433_aqOff.yuv
0,37965.745462518425,4699.965249495183,944.4908152253328,298.02699189936817,EXPA-510-1_res2160_mu100000_sigma0_rate100000_aqOn.yuv
1,24581.194186617668,2856.2538361184515,791.8407057293036,290.2594726349644,EXPA-510-1_res2160_mu11200_sigma300_rate11369_aqOn.yuv
0,12779.048240856793,3356.650842065469,762.8342114709101,141.13137150487344,CHMA-313_res2160_mu100000_sigma0_rate100000_aqOn.yuv
1,16694.25987979357,4058.1238722300227,645.1602685412776,135.20357581116602,CHMA-313_res600_mu800_sigma200_rate550_aqOn.yuv
0,14734.533822431998,2841.8682334669784,874.4846530654722,278.2192791692643,COVT-107_res2160_mu100000_sigma0_rate100000_aqOn.yuv
1,8109.172878713316,1855.903371088516,708.2271037372742,270.7484914219839,COVT-107_res2160_mu11200_sigma300_rate11041_aqOn.yuv
0,14897.418129664531,4939.915740762577,1389.0634146352154,322.3902421652269,EXPA-504_res2160_mu100000_sigma0_rate100000_aqOn.yuv
1,17162.213945014086,2410.540172612669,829.5691093935231,293.69606141473827,EXPA-504_res600_mu800_sigma200_rate1058_aqOn.yuv
0,29461.960349438818,7632.981723476941,1585.0471683928574,389.32296624453073,MSPY-2_res2160_mu100000_sigma0_rate100000_aqOn.yuv
1,8426.862645881924,2143.5333638725956,763.7926200094985,310.4979614064619,MSPY-2_res2160_mu1000_sigma100_rate1104_aqOn.yuv
0,13705.637584257376,3745.1794215549476,750.9536200124803,147.06543321155613,Wot_res2160_mu100000_sigma0_rate100000_aqOn.yuv
1,7481.936225252593,2192.915409561504,579.0780751250048,147.22840743870307,Wot_res2160_mu3000_sigma300_rate2892_aqOn.yuv
0,10112.005972384623,2353.0236252526984,527.7865753716607,125.05263626956199,Wot-2_res2160_mu100000_sigma0_rate100000_aqOn.yuv
1,6694.2884959820785,1598.0033249097273,369.35229301363614,107.7016760480636,Wot-2_res720_mu1500_sigma100_rate1329_aqOn.yuv
0,32317.87800214074,7266.872015155054,1801.1401612773711,520.5958036106578,7500-00h15m25s_res2160_mu100000_sigma0_rate100000_aqOn.yuv
1,23953.367884620417,5174.480918213736,1400.4626765927162,460.342937009651,7500-00h15m25s_res2160_mu11200_sigma300_rate11726_aqOn.yuv
0,6722.694907149419,2158.0201746805374,631.6262527785799,248.55365038116452,COVT-110_res2160_mu100000_sigma0_rate100000_aqOn.yuv
1,10529.305962892753,1674.316443799336,601.6779311197384,248.4487939410078,COVT-110_res1080_mu5400_sigma300_rate5625_aqOn.yuv
0,18595.24230951764,4692.952124833023,1205.675640005635,353.0500740398099,Disney-3_res2160_mu100000_sigma0_rate100000_aqOn.yuv
1,8463.593166735174,2087.297438273664,793.8836203045955,328.05450262472084,Disney-3_res2160_mu11200_sigma300_rate10955_aqOn.yuv
0,45221.35018994767,6426.450282180719,1105.7764155953828,306.64481273176244,EXPA-510-1_res2160_mu100000_sigma0_rate100000_aqOn.yuv
1,24581.194186617668,2856.2538361184515,791.8407057293036,290.2594726349644,EXPA-510-1_res2160_mu3000_sigma300_rate3104_aqOn.yuv
0,21336.532503963754,7257.447252575562,1837.6874512781608,418.61419342331294,MSPY-2_res2160_mu100000_sigma0_rate100000_aqOn.yuv
1,8426.862645881924,2143.5333638725956,763.7926200094985,310.4979614064619,MSPY-2_res1080_mu1200_sigma100_rate1243_aqOn.yuv
0,28367.2248453869,4734.214996385694,820.691776986485,161.08180399513327,EplJuvVsRma-night1_res2160_mu100000_sigma0_rate100000_aqOn.yuv
1,20080.94869723258,3388.7667300220046,715.577805340117,154.34698102363947,EplJuvVsRma-night1_res2160_mu11200_sigma300_rate10916_aqOn.yuv
0,10333.349777848867,2706.0427192007014,862.1175688435563,325.4184656685332,HERO-00h01m57s_res2160_mu100000_sigma0_rate100000_aqOn.yuv
1,9525.654786263804,2369.076089125996,732.083355087311,276.4142717386965,HERO-00h01m57s_res720_mu1500_sigma100_rate1426_aqOn.yuv
0,17596.2202247993,5192.782459811768,1470.67452238714,396.8317506370074,HZLN_res2160_mu100000_sigma0_rate100000_aqOn.yuv
1,15274.092118626408,4340.034605984185,1222.0417615415636,359.3800425542917,HZLN_res720_mu1500_sigma300_rate1481_aqOn.yuv
0,25911.01724879159,7167.130124887334,1488.7328152348998,189.83691343816093,CHMA-313_res2160_mu100000_sigma0_rate100000_aqOn.yuv
1,16694.25987979357,4058.1238722300227,645.1602685412776,135.20357581116602,CHMA-313_res1080_mu500_sigma100_rate376_aqOn.yuv
0,30509.9406697489,4170.1639126194905,969.3158519214588,324.9059668525042,EXPA-505_res2160_mu100000_sigma0_rate100000_aqOn.yuv
1,8177.569333683881,1714.39172160739,688.3125716194847,297.4540628054656,EXPA-505_res2160_mu3000_sigma300_rate3200_aqOn.yuv
0,18490.946593334815,4636.458597783029,1553.4934321803844,418.42229243572916,Disney-3_res2160_mu100000_sigma0_rate100000_aqOn.yuv
1,8463.593166735174,2087.297438273664,793.8836203045955,328.05450262472084,Disney-3_res600_mu800_sigma200_rate1056_aqOn.yuv
0,9178.805488872838,2281.2722232144415,557.7497920204032,134.3571245196935,Wot-2_res2160_mu100000_sigma0_rate100000_aqOn.yuv
1,6694.2884959820785,1598.0033249097273,369.35229301363614,107.7016760480636,Wot-2_res600_mu800_sigma50_rate824_aqOn.yuv
0,40309.00391456537,9981.680034139146,2612.5685139410075,482.8645691877939,BTFB-01h05m40s_res2160_mu100000_sigma0_rate100000_aqOn.yuv
1,19594.55097820652,2583.0068010407317,650.3394552807556,267.57445163813657,BTFB-01h05m40s_res1080_mu1200_sigma100_rate1172_aqOff.yuv
0,32038.905035843425,7276.275150592618,1164.4681114869186,168.3665350485535,CHMA-313_res2160_mu100000_sigma0_rate100000_aqOn.yuv
1,16694.25987979357,4058.1238722300227,645.1602685412776,135.20357581116602,CHMA-313_res2160_mu1000_sigma100_rate878_aqOn.yuv
0,39314.55439546843,10077.08186099102,1975.2618361267616,199.07101400680943,EplLeyVsWre-day_res2160_mu100000_sigma0_rate100000_aqOn.yuv
1,24539.633326769745,3457.5660909980757,673.5978103546367,121.24007737278349,EplLeyVsWre-day_res1080_mu1200_sigma100_rate1327_aqOn.yuv
0,15099.49259202611,3815.67098871399,725.9235282210259,127.54702127479462,EplJuvVsRma-night2_res2160_mu100000_sigma0_rate100000_aqOn.yuv
1,19336.658340343485,3750.479125980479,662.5027517033028,121.75168030840956,EplJuvVsRma-night2_res720_mu1500_sigma300_rate1278_aqOn.yuv
0,22590.938468006618,6416.571416802097,1528.0706471712747,332.6309581717363,EXPA-510-1_res2160_mu100000_sigma0_rate100000_aqOn.yuv
1,24581.194186617668,2856.2538361184515,791.8407057293036,290.2594726349644,EXPA-510-1_res1080_mu500_sigma100_rate598_aqOn.yuv
0,21353.02352402337,5098.812262009093,1357.5791893222179,196.04591152199512,CHMA-302_res2160_mu100000_sigma0_rate100000_aqOn.yuv
1,13139.845636426491,5262.266573427875,1227.6214185517147,203.24475798417055,CHMA-302_res1080_mu1200_sigma100_rate962_aqOn.yuv
0,13877.906425060211,3716.8964518086495,955.3371277972166,287.530574405922,HERO-00h01m57s_res2160_mu100000_sigma0_rate100000_aqOn.yuv
1,9525.654786263804,2369.076089125996,732.083355087311,276.4142717386965,HERO-00h01m57s_res1080_mu1200_sigma100_rate1171_aqOff.yuv
0,9757.468175933791,2594.756887365183,504.41374893596407,120.08220007709798,MRSM-301_res2160_mu100000_sigma0_rate100000_aqOn.yuv
1,7597.002522167529,2019.9626947575816,442.8113262295131,116.94896685898424,MRSM-301_res2160_mu11200_sigma300_rate11216_aqOn.yuv
0,11233.906411904458,3527.118813390916,1107.7144840116264,311.780245982424,COVT-107_res2160_mu100000_sigma0_rate100000_aqOn.yuv
1,8109.172878713316,1855.903371088516,708.2271037372742,270.7484914219839,COVT-107_res600_mu800_sigma200_rate587_aqOn.yuv
0,20193.90623295179,3126.24039626126,539.7861660149124,103.4332365768197,EplJuvVsRma-night3_res2160_mu100000_sigma0_rate100000_aqOn.yuv
1,17939.76270861606,2996.685275478388,496.6435948817766,103.37368599826853,EplJuvVsRma-night3_res2160_mu11200_sigma300_rate10706_aqOn.yuv
0,12784.64610160177,3354.0621776707276,926.0680087113275,261.28890030711284,MOLV-102_res2160_mu100000_sigma0_rate100000_aqOn.yuv
1,11798.976107601933,2238.9314633075555,712.24883273431,265.9395283664993,MOLV-102_res720_mu1500_sigma300_rate1598_aqOn.yuv
0,15006.111743645819,4057.862259338934,712.1347307012599,134.56207773988342,CHMA-313_res2160_mu100000_sigma0_rate100000_aqOn.yuv
1,16694.25987979357,4058.1238722300227,645.1602685412776,135.20357581116602,CHMA-313_res1080_mu5400_sigma300_rate5497_aqOn.yuv
0,31599.98318103199,10907.77105457311,2854.3290591463883,615.502485083464,7500-00h15m25s_res2160_mu100000_sigma0_rate100000_aqOn.yuv
1,23953.367884620417,5174.480918213736,1400.4626765927162,460.342937009651,7500-00h15m25s_res1080_mu500_sigma100_rate466_aqOn.yuv
0,14700.624665195806,3747.2345697679884,702.1161735535857,124.36866296253112,EplJuvVsRma-night2_res2160_mu100000_sigma0_rate100000_aqOn.yuv
1,19336.658340343485,3750.479125980479,662.5027517033028,121.75168030840956,EplJuvVsRma-night2_res1080_mu5400_sigma300_rate5259_aqOn.yuv
0,8985.678368390982,2516.4408241567503,633.7582566739254,150.3851612429813,Wot_res2160_mu100000_sigma0_rate100000_aqOn.yuv
1,7481.936225252593,2192.915409561504,579.0780751250048,147.22840743870307,Wot_res2160_mu11200_sigma300_rate11338_aqOn.yuv
0,18058.341512540926,4968.267759089497,1190.0473387898728,236.9449296089995,BTFB-01h12m21s_res2160_mu100000_sigma0_rate100000_aqOn.yuv
1,24448.620540643813,3352.7401450330963,708.6198978714201,190.52605535853803,BTFB-01h12m21s_res1080_mu5400_sigma300_rate4777_aqOn.yuv
0,12337.148519580272,2799.6951703356704,536.8286085816931,103.67481192492625,EplJuvVsRma-night3_res2160_mu100000_sigma0_rate100000_aqOn.yuv
1,17939.76270861606,2996.685275478388,496.6435948817766,103.37368599826853,EplJuvVsRma-night3_res1080_mu5400_sigma300_rate5712_aqOn.yuv
0,9644.813894973904,2658.792889951358,609.7574955685751,135.5667625836322,JKRY-108_res2160_mu100000_sigma0_rate100000_aqOn.yuv
1,8463.483613568775,2422.8950731252294,571.8938883293954,128.63868029997107,JKRY-108_res2160_mu11200_sigma300_rate11252_aqOn.yuv
0,24498.23129030264,6446.178725520084,1421.0738624138182,270.44261334482763,HNNA-202_res2160_mu100000_sigma0_rate100000_aqOn.yuv
1,39242.458959460746,6712.638910680787,1288.5109405326934,320.1394181393782,HNNA-202_res1080_mu500_sigma100_rate400_aqOn.yuv
0,14626.020889696614,3715.8226660637592,666.7624264191854,126.11256193552546,CHMA-402_res2160_mu100000_sigma0_rate100000_aqOn.yuv
1,10888.080166451495,3137.717215815768,639.430287312551,119.74628419195291,CHMA-402_res2160_mu3000_sigma300_rate3211_aqOn.yuv
0,16060.906624398944,4641.077036170802,1031.8557356688266,177.81699764013143,AERO-00h13m10s_res2160_mu100000_sigma0_rate100000_aqOn.yuv
1,23942.931744356683,3630.943345881784,818.9234907218187,164.08475819434312,AERO-00h13m10s_res720_mu1500_sigma100_rate1573_aqOn.yuv
0,28461.55396734102,4388.943351418382,861.7632373433438,267.51508149699634,MOLV-102_res2160_mu100000_sigma0_rate100000_aqOn.yuv
1,11798.976107601933,2238.9314633075555,712.24883273431,265.9395283664993,MOLV-102_res2160_mu3000_sigma300_rate3214_aqOn.yuv
0,22778.902094894907,6594.374128398039,1601.8089277189472,414.7185015904498,Disney-3_res2160_mu100000_sigma0_rate100000_aqOn.yuv
1,8463.593166735174,2087.297438273664,793.8836203045955,328.05450262472084,Disney-3_res1080_mu500_sigma100_rate475_aqOn.yuv
0,26181.69379032045,9402.538731701276,2573.7925221039927,518.7002871400922,Disney_res2160_mu100000_sigma0_rate100000_aqOn.yuv
1,10030.588442145012,3278.9636192057064,1284.616610397477,400.9299732562856,Disney_res1080_mu1200_sigma100_rate1108_aqOn.yuv
0,11673.965403474467,3116.6787746671257,604.1150908504253,123.05694584544202,CHMA-101_res2160_mu100000_sigma0_rate100000_aqOn.yuv
1,11692.34544494568,1968.3029119351138,443.3962001651075,113.44127049478308,CHMA-101_res1080_mu5400_sigma300_rate5808_aqOn.yuv
0,27482.91984315438,8593.525135704384,2289.4249492098797,320.27295296754096,EplJuvVsRma-night1_res2160_mu100000_sigma0_rate100000_aqOn.yuv
1,20080.94869723258,3388.7667300220046,715.577805340117,154.34698102363947,EplJuvVsRma-night1_res600_mu800_sigma200_rate779_aqOn.yuv
0,13297.733145466711,4410.348149461646,1231.039306918594,289.14131388132574,COVT-107_res2160_mu100000_sigma0_rate100000_aqOn.yuv
1,8109.172878713316,1855.903371088516,708.2271037372742,270.7484914219839,COVT-107_res1080_mu1200_sigma100_rate1180_aqOn.yuv
0,12198.81946959481,3255.2774274272597,666.3590280067473,122.37549977711203,CHMA-402_res2160_mu100000_sigma0_rate100000_aqOn.yuv
1,10888.080166451495,3137.717215815768,639.430287312551,119.74628419195291,CHMA-402_res2160_mu11200_sigma300_rate11337_aqOn.yuv
0,20602.035929169706,4987.873890139157,1012.395837638007,184.61920469091098,BTFB-01h12m33s_res2160_mu100000_sigma0_rate100000_aqOn.yuv
1,23801.853881054372,3161.8529422585216,726.6880364733961,165.01901431346135,BTFB-01h12m33s_res1080_mu5400_sigma300_rate5254_aqOn.yuv
0,21966.143594225563,5901.108367002224,1069.416614437984,186.23388246785112,AERO-00h13m10s_res2160_mu100000_sigma0_rate100000_aqOn.yuv
1,23942.931744356683,3630.943345881784,818.9234907218187,164.08475819434312,AERO-00h13m10s_res1080_mu500_sigma100_rate538_aqOn.yuv
0,18782.931444185553,4797.655852117214,1026.2842032889273,175.52742633256412,CHMA-101_res2160_mu100000_sigma0_rate100000_aqOn.yuv
1,11692.34544494568,1968.3029119351138,443.3962001651075,113.44127049478308,CHMA-101_res1080_mu500_sigma100_rate632_aqOn.yuv
0,38390.818905281325,7431.3076677731815,1614.1613742587078,447.1547269823847,BASN-00h37m18s_res2160_mu100000_sigma0_rate100000_aqOn.yuv
1,11968.504140073042,3059.8300266946753,956.2575964743144,392.3310992051321,BASN-00h37m18s_res2160_mu3000_sigma300_rate3027_aqOn.yuv
0,10452.76903225931,3450.88182426529,1062.6254480801426,331.27864549402955,EXPA-505_res2160_mu100000_sigma0_rate100000_aqOn.yuv
1,8177.569333683881,1714.39172160739,688.3125716194847,297.4540628054656,EXPA-505_res720_mu1500_sigma100_rate1485_aqOn.yuv
0,11967.73686678204,3199.8839967743806,703.7772540564735,125.85145888297467,CHMA-402_res2160_mu100000_sigma0_rate100000_aqOn.yuv
1,10888.080166451495,3137.717215815768,639.430287312551,119.74628419195291,CHMA-402_res1080_mu5400_sigma300_rate5380_aqOn.yuv
0,15947.322133587202,2641.4005248881585,747.8036567451211,248.97501148670955,COVT-110_res2160_mu100000_sigma0_rate100000_aqOn.yuv
1,10529.305962892753,1674.316443799336,601.6779311197384,248.4487939410078,COVT-110_res2160_mu1000_sigma100_rate1069_aqOn.yuv
0,20957.99015806225,5557.835297715008,1362.2382028354707,378.37612308688267,CARE-2_res2160_mu100000_sigma0_rate100000_aqOn.yuv
1,8356.683269474208,1943.3416560196085,680.3753658243942,256.5617871041335,CARE-2_res1080_mu500_sigma100_rate539_aqOn.yuv
0,16248.117968865554,2770.926285376719,747.8600682904934,270.3074221517143,HERO-00h02m40s_res2160_mu100000_sigma0_rate100000_aqOn.yuv
1,10317.632015436231,2316.7932778664444,717.5371401703449,271.4757060843412,HERO-00h02m40s_res2160_mu3000_sigma300_rate3089_aqOn.yuv
0,27240.961963946513,9454.02522891697,2025.9597911948215,438.9867231553251,Disney_res2160_mu100000_sigma0_rate100000_aqOn.yuv
1,10030.588442145012,3278.9636192057064,1284.616610397477,400.9299732562856,Disney_res2160_mu3000_sigma300_rate2951_aqOn.yuv
0,21466.90196056682,5000.024542609806,752.5960814411585,126.49016490571658,CHMA-313_res2160_mu100000_sigma0_rate100000_aqOn.yuv
1,16694.25987979357,4058.1238722300227,645.1602685412776,135.20357581116602,CHMA-313_res2160_mu3000_sigma300_rate3122_aqOn.yuv
0,25161.140609042985,5957.4886757698205,817.3602909478243,146.39968867450682,CHMA-313-2_res2160_mu100000_sigma0_rate100000_aqOn.yuv
1,19942.718823469248,5043.1487608854595,755.4863568169941,146.3022041307068,CHMA-313-2_res2160_mu11200_sigma300_rate11194_aqOn.yuv
0,9546.966231004777,2574.787329598501,812.7615439874637,288.1964018742472,HERO-00h01m57s_res2160_mu100000_sigma0_rate100000_aqOn.yuv
1,9525.654786263804,2369.076089125996,732.083355087311,276.4142717386965,HERO-00h01m57s_res600_mu800_sigma50_rate780_aqOn.yuv
0,15339.434268821995,4453.829682997464,1210.9529100090706,241.3024003142896,BTFB-00h33m50s_res2160_mu100000_sigma0_rate100000_aqOn.yuv
1,10362.673391228056,2882.5690593226172,752.9164407633007,199.76440069585428,BTFB-00h33m50s_res600_mu800_sigma50_rate884_aqOn.yuv
0,25238.117407622813,5611.782966212463,1992.358106258351,467.4857126180689,BTFB-01h41m55s_res2160_mu100000_sigma0_rate100000_aqOn.yuv
1,17295.40161748026,2850.990202448652,840.0565712856773,322.90752883949494,BTFB-01h41m55s_res600_mu800_sigma50_rate787_aqOff.yuv
0,18239.301508743483,5234.056468471486,1152.7473568078237,192.533588861884,JKRY-108_res2160_mu100000_sigma0_rate100000_aqOn.yuv
1,8463.483613568775,2422.8950731252294,571.8938883293954,128.63868029997107,JKRY-108_res1080_mu500_sigma100_rate588_aqOn.yuv
0,26234.081947957147,7435.764148284278,1583.041624540351,251.70662803650643,BTFB-00h33m50s_res2160_mu100000_sigma0_rate100000_aqOn.yuv
1,10362.673391228056,2882.5690593226172,752.9164407633007,199.76440069585428,BTFB-00h33m50s_res1080_mu500_sigma100_rate340_aqOn.yuv
0,8582.584330591886,2703.231515190239,672.6069284553246,146.06573204715983,Wot_res2160_mu100000_sigma0_rate100000_aqOn.yuv
1,7481.936225252593,2192.915409561504,579.0780751250048,147.22840743870307,Wot_res1080_mu5400_sigma300_rate5456_aqOn.yuv
0,12231.978851216796,3655.299661472692,980.3059480835061,292.26758517852903,CARE-2_res2160_mu100000_sigma0_rate100000_aqOn.yuv
1,8356.683269474208,1943.3416560196085,680.3753658243942,256.5617871041335,CARE-2_res600_mu800_sigma200_rate1014_aqOn.yuv
0,37464.908249324086,10389.392184942577,3074.5299295351087,704.9562852132889,CIND-00h13m44s_res2160_mu100000_sigma0_rate100000_aqOn.yuv
1,44468.11735791276,12047.41239500129,2921.8511412009702,684.4595269245995,CIND-00h13m44s_res720_mu1500_sigma100_rate1568_aqOn.yuv
0,17771.11081252666,5058.646198321342,1195.7477439151367,215.11542793003875,BTFB-00h33m50s_res2160_mu100000_sigma0_rate100000_aqOn.yuv
1,10362.673391228056,2882.5690593226172,752.9164407633007,199.76440069585428,BTFB-00h33m50s_res720_mu1500_sigma100_rate1544_aqOn.yuv
0,33779.153340174336,6455.939241345916,1003.7067578220842,170.1509817884179,AERO-00h13m10s_res2160_mu100000_sigma0_rate100000_aqOn.yuv
1,23942.931744356683,3630.943345881784,818.9234907218187,164.08475819434312,AERO-00h13m10s_res2160_mu3000_sigma300_rate2852_aqOff.yuv
0,25968.06108570614,6848.1484027467295,1707.5428440040496,404.024128908755,EXPA-505_res2160_mu100000_sigma0_rate100000_aqOn.yuv
1,8177.569333683881,1714.39172160739,688.3125716194847,297.4540628054656,EXPA-505_res1080_mu500_sigma100_rate448_aqOn.yuv
0,37682.60680301761,10306.053972510197,2886.5010273881426,521.22699700164,Disney_res2160_mu100000_sigma0_rate100000_aqOn.yuv
1,10030.588442145012,3278.9636192057064,1284.616610397477,400.9299732562856,Disney_res1080_mu500_sigma100_rate311_aqOn.yuv
0,22065.662525951193,7912.94724222154,1998.5422806376644,476.7714475477716,EXPA-504_res2160_mu100000_sigma0_rate100000_aqOn.yuv
1,17162.213945014086,2410.540172612669,829.5691093935231,293.69606141473827,EXPA-504_res1080_mu500_sigma100_rate487_aqOn.yuv
0,12344.05809822784,3017.661202307612,533.1254166667019,119.44384147381179,MRSM-301_res2160_mu100000_sigma0_rate100000_aqOn.yuv
1,7597.002522167529,2019.9626947575816,442.8113262295131,116.94896685898424,MRSM-301_res2160_mu3000_sigma300_rate3297_aqOn.yuv
0,14415.105519853081,5629.766070097147,1256.5730482688055,315.90350349599737,EXPA-504_res2160_mu100000_sigma0_rate100000_aqOn.yuv
1,17162.213945014086,2410.540172612669,829.5691093935231,293.69606141473827,EXPA-504_res1080_mu5400_sigma300_rate4934_aqOn.yuv
0,19506.729034737007,5141.850226067581,967.0431063809458,154.84686621190434,Wot_res2160_mu100000_sigma0_rate100000_aqOn.yuv
1,7481.936225252593,2192.915409561504,579.0780751250048,147.22840743870307,Wot_res2160_mu1000_sigma100_rate1054_aqOn.yuv
0,17245.59580625129,6274.464224866182,1451.7452919678708,386.84757413832557,THBY-103_res2160_mu100000_sigma0_rate100000_aqOn.yuv
1,15930.346229612638,2983.9695891682413,899.6908094525597,306.13530433446135,THBY-103_res1080_mu500_sigma100_rate564_aqOn.yuv
0,17130.381263485364,3432.3207803391924,543.7143159247821,128.2077180473276,Wot-2_res2160_mu100000_sigma0_rate100000_aqOn.yuv
1,6694.2884959820785,1598.0033249097273,369.35229301363614,107.7016760480636,Wot-2_res2160_mu3000_sigma300_rate3149_aqOn.yuv
0,32407.585469964983,10409.67066621615,2744.417957560356,544.5304813729665,BASN-00h37m18s_res2160_mu100000_sigma0_rate100000_aqOn.yuv
1,11968.504140073042,3059.8300266946753,956.2575964743144,392.3310992051321,BASN-00h37m18s_res1080_mu1200_sigma100_rate1196_aqOn.yuv
0,16492.8023914214,3208.8067490970784,788.5692301166049,273.58612208104387,HERO-00h01m57s_res2160_mu100000_sigma0_rate100000_aqOn.yuv
1,9525.654786263804,2369.076089125996,732.083355087311,276.4142717386965,HERO-00h01m57s_res2160_mu1000_sigma100_rate1020_aqOn.yuv
0,16227.945475205264,3909.214105350624,706.5226416186352,111.79463357937773,EplJuvVsRma-night3_res2160_mu100000_sigma0_rate100000_aqOn.yuv
1,17939.76270861606,2996.685275478388,496.6435948817766,103.37368599826853,EplJuvVsRma-night3_res1080_mu1200_sigma100_rate1170_aqOn.yuv
0,21998.450390374415,5142.804394301795,1026.9324723603609,190.2330840440772,Wot-2_res2160_mu100000_sigma0_rate100000_aqOn.yuv
1,6694.2884959820785,1598.0033249097273,369.35229301363614,107.7016760480636,Wot-2_res1080_mu500_sigma100_rate483_aqOn.yuv
0,38501.90100883273,7802.025963126433,1685.2755658290532,324.769343111036,CMDY-101-00h10m21s_res2160_mu100000_sigma0_rate100000_aqOn.yuv
1,8950.30855665375,2054.4772501647444,564.3279029728737,165.5991543247594,CMDY-101-00h10m21s_res2160_mu1000_sigma100_rate798_aqOn.yuv
0,24253.69349772133,3814.5617933382728,582.5818345314393,106.56373315266816,EplJuvVsRma-night3_res2160_mu100000_sigma0_rate100000_aqOn.yuv
1,17939.76270861606,2996.685275478388,496.6435948817766,103.37368599826853,EplJuvVsRma-night3_res2160_mu3000_sigma300_rate3402_aqOn.yuv
0,12930.844085519071,3238.66708419122,864.1227379390218,270.2653638727702,CARE-2_res2160_mu100000_sigma0_rate100000_aqOn.yuv
1,8356.683269474208,1943.3416560196085,680.3753658243942,256.5617871041335,CARE-2_res1080_mu5400_sigma300_rate4886_aqOn.yuv
0,8693.653705345523,2307.339455500263,482.28042904687607,122.47896784996763,Wot-2_res2160_mu100000_sigma0_rate100000_aqOn.yuv
1,6694.2884959820785,1598.0033249097273,369.35229301363614,107.7016760480636,Wot-2_res1080_mu5400_sigma300_rate5207_aqOn.yuv
0,20817.43370804473,5890.764557077973,1448.0822929007043,252.94975877248905,BTFB-00h33m50s_res2160_mu100000_sigma0_rate100000_aqOn.yuv
1,10362.673391228056,2882.5690593226172,752.9164407633007,199.76440069585428,BTFB-00h33m50s_res1080_mu5400_sigma300_rate5224_aqOn.yuv
0,13425.520521067605,3772.5287474780635,988.6743147308619,188.308646213056,JKRY-108_res2160_mu100000_sigma0_rate100000_aqOn.yuv
1,8463.483613568775,2422.8950731252294,571.8938883293954,128.63868029997107,JKRY-108_res600_mu800_sigma200_rate1036_aqOn.yuv
0,8428.320383916725,1759.8681976805046,392.77464023890377,112.42742228149208,Wot-2_res2160_mu100000_sigma0_rate100000_aqOn.yuv
1,6694.2884959820785,1598.0033249097273,369.35229301363614,107.7016760480636,Wot-2_res2160_mu11200_sigma300_rate10931_aqOn.yuv
0,18037.165523697236,6431.006899840066,1460.6200985371493,395.43952800500404,THBY-103_res2160_mu100000_sigma0_rate100000_aqOn.yuv
1,15930.346229612638,2983.9695891682413,899.6908094525597,306.13530433446135,THBY-103_res1080_mu1200_sigma100_rate1054_aqOn.yuv
0,13607.97894547816,2773.23250439468,691.0744391693532,238.8500405352821,CHEM_res2160_mu100000_sigma0_rate100000_aqOn.yuv
1,7435.715688813504,1767.279476528401,597.248134153609,229.33143598192407,CHEM_res2160_mu3000_sigma300_rate3242_aqOn.yuv
0,14861.279164977866,2481.8057222941975,724.0772775667018,259.05173701681235,CARE-2_res2160_mu100000_sigma0_rate100000_aqOn.yuv
1,8356.683269474208,1943.3416560196085,680.3753658243942,256.5617871041335,CARE-2_res2160_mu11200_sigma300_rate11440_aqOn.yuv
0,44722.97759283188,8624.045981901674,1490.7348000529648,329.5444992191982,EXPA-510-1_res2160_mu100000_sigma0_rate100000_aqOn.yuv
1,24581.194186617668,2856.2538361184515,791.8407057293036,290.2594726349644,EXPA-510-1_res2160_mu1000_sigma100_rate970_aqOn.yuv
0,10096.973959916515,2595.955329241846,798.2624958649657,284.98932746125996,HERO-00h01m57s_res2160_mu100000_sigma0_rate100000_aqOn.yuv
1,9525.654786263804,2369.076089125996,732.083355087311,276.4142717386965,HERO-00h01m57s_res720_mu1500_sigma100_rate1426_aqOff.yuv
0,22554.09364198915,6070.623173280807,1369.7657601829376,306.8959309469894,HNNA-202_res2160_mu100000_sigma0_rate100000_aqOn.yuv
1,39242.458959460746,6712.638910680787,1288.5109405326934,320.1394181393782,HNNA-202_res1080_mu1200_sigma100_rate1351_aqOn.yuv
0,42376.71697317818,12883.946967689837,2787.9680670900743,377.131366364909,EplJuvVsRma-night1_res2160_mu100000_sigma0_rate100000_aqOn.yuv
1,20080.94869723258,3388.7667300220046,715.577805340117,154.34698102363947,EplJuvVsRma-night1_res1080_mu1200_sigma100_rate1252_aqOn.yuv
0,14552.210423681507,3217.0491834049367,736.6633962856685,168.68522799228666,CMDY-101-00h10m21s_res2160_mu100000_sigma0_rate100000_aqOn.yuv
1,8950.30855665375,2054.4772501647444,564.3279029728737,165.5991543247594,CMDY-101-00h10m21s_res2160_mu11200_sigma300_rate10759_aqOn.yuv
0,30906.9125136342,9285.12748658579,2612.0646286269694,594.4542346318401,7500-00h15m25s_res2160_mu100000_sigma0_rate100000_aqOn.yuv
1,23953.367884620417,5174.480918213736,1400.4626765927162,460.342937009651,7500-00h15m25s_res1080_mu1200_sigma100_rate1268_aqOn.yuv
0,24310.43157084444,3945.3962895525774,902.7334530387865,306.68401321531763,HNNA-102_res2160_mu100000_sigma0_rate100000_aqOn.yuv
1,15682.295219280808,2553.228795388099,760.6886801175199,294.23165415840526,HNNA-102_res2160_mu11200_sigma300_rate11721_aqOn.yuv
0,14790.166616654778,3752.2834676178563,719.0799055931137,134.94556219086184,CHMA-313_res2160_mu100000_sigma0_rate100000_aqOn.yuv
1,16694.25987979357,4058.1238722300227,645.1602685412776,135.20357581116602,CHMA-313_res720_mu1500_sigma300_rate1692_aqOn.yuv
0,53138.17905329046,13836.536789478294,3013.745764980612,676.4362423901948,CIND-00h13m44s_res2160_mu100000_sigma0_rate100000_aqOn.yuv
1,44468.11735791276,12047.41239500129,2921.8511412009702,684.4595269245995,CIND-00h13m44s_res2160_mu11200_sigma300_rate11366_aqOn.yuv
0,32448.31177463977,7440.232082291121,2466.673935515944,437.91290976746416,BTFB-01h41m55s_res2160_mu100000_sigma0_rate100000_aqOn.yuv
1,17295.40161748026,2850.990202448652,840.0565712856773,322.90752883949494,BTFB-01h41m55s_res1080_mu1200_sigma100_rate1459_aqOff.yuv
0,13893.091246851385,4276.477743947455,919.5534888594358,163.61920882045195,Wot_res2160_mu100000_sigma0_rate100000_aqOn.yuv
1,7481.936225252593,2192.915409561504,579.0780751250048,147.22840743870307,Wot_res1080_mu1200_sigma100_rate1082_aqOn.yuv
0,18589.66479861697,5301.523606105097,1590.0387214559596,469.4448713031194,BASN-00h37m18s_res2160_mu100000_sigma0_rate100000_aqOn.yuv
1,11968.504140073042,3059.8300266946753,956.2575964743144,392.3310992051321,BASN-00h37m18s_res1080_mu5400_sigma300_rate5457_aqOn.yuv
0,21113.551080625133,6111.361108367173,1688.3399093018884,472.78769806532785,BASN-00h37m18s_res2160_mu100000_sigma0_rate100000_aqOn.yuv
1,11968.504140073042,3059.8300266946753,956.2575964743144,392.3310992051321,BASN-00h37m18s_res600_mu800_sigma50_rate841_aqOn.yuv
0,10724.392781612334,2118.708797016805,615.3585003434454,229.8534024265856,CHEM_res2160_mu100000_sigma0_rate100000_aqOn.yuv
1,7435.715688813504,1767.279476528401,597.248134153609,229.33143598192407,CHEM_res2160_mu11200_sigma300_rate11288_aqOn.yuv
0,21067.32333806883,5644.835763077223,1081.4739755220485,184.31697748945672,AERO-00h13m10s_res2160_mu100000_sigma0_rate100000_aqOn.yuv
1,23942.931744356683,3630.943345881784,818.9234907218187,164.08475819434312,AERO-00h13m10s_res1080_mu1200_sigma100_rate1185_aqOff.yuv
0,18201.73567974238,5193.170669770703,1228.9092346793661,216.972519466842,BTFB-00h33m50s_res2160_mu100000_sigma0_rate100000_aqOn.yuv
1,10362.673391228056,2882.5690593226172,752.9164407633007,199.76440069585428,BTFB-00h33m50s_res720_mu1500_sigma100_rate1544_aqOff.yuv
0,16922.950208665898,6478.751851115853,1654.6974740516375,371.72314005451125,Disney-3_res2160_mu100000_sigma0_rate100000_aqOn.yuv
1,8463.593166735174,2087.297438273664,793.8836203045955,328.05450262472084,Disney-3_res1080_mu1200_sigma100_rate1293_aqOn.yuv
0,27065.02059231145,6024.835530199291,1591.3736661909136,271.68657695552827,BTFB-01h12m21s_res2160_mu100000_sigma0_rate100000_aqOn.yuv
1,24448.620540643813,3352.7401450330963,708.6198978714201,190.52605535853803,BTFB-01h12m21s_res1080_mu1200_sigma100_rate1238_aqOn.yuv
0,20065.494937749365,5479.978877256236,1041.4849746440598,194.43259138511877,BTFB-01h12m33s_res2160_mu100000_sigma0_rate100000_aqOn.yuv
1,23801.853881054372,3161.8529422585216,726.6880364733961,165.01901431346135,BTFB-01h12m33s_res720_mu1500_sigma100_rate1625_aqOn.yuv
0,43369.12736035476,11084.56471928217,3329.793722513672,622.7342700134873,CIND-00h13m44s_res2160_mu100000_sigma0_rate100000_aqOn.yuv
1,44468.11735791276,12047.41239500129,2921.8511412009702,684.4595269245995,CIND-00h13m44s_res1080_mu5400_sigma300_rate5587_aqOn.yuv
0,17949.234808161367,5184.462785604909,956.2771353772903,186.9498482004123,BTFB-01h12m33s_res2160_mu100000_sigma0_rate100000_aqOn.yuv
1,23801.853881054372,3161.8529422585216,726.6880364733961,165.01901431346135,BTFB-01h12m33s_res720_mu1500_sigma100_rate1625_aqOff.yuv
0,32371.19474561068,11190.076347260296,2793.3151435848004,558.2892340945963,BASN-00h37m18s_res2160_mu100000_sigma0_rate100000_aqOn.yuv
1,11968.504140073042,3059.8300266946753,956.2575964743144,392.3310992051321,BASN-00h37m18s_res1080_mu500_sigma100_rate694_aqOn.yuv
0,20147.586425245638,5843.565376738698,1100.0452880387134,188.8347209727878,AERO-00h13m10s_res2160_mu100000_sigma0_rate100000_aqOn.yuv
1,23942.931744356683,3630.943345881784,818.9234907218187,164.08475819434312,AERO-00h13m10s_res1080_mu1200_sigma100_rate1185_aqOn.yuv
0,26404.6071172728,5545.266105352612,1137.4139155750472,196.22441275618914,CMDY-101-00h10m21s_res2160_mu100000_sigma0_rate100000_aqOn.yuv
1,8950.30855665375,2054.4772501647444,564.3279029728737,165.5991543247594,CMDY-101-00h10m21s_res2160_mu3000_sigma300_rate2560_aqOn.yuv
0,47745.83438754449,7754.827691514027,1228.2901775939708,289.68060115501515,HNNA-202_res2160_mu100000_sigma0_rate100000_aqOn.yuv
1,39242.458959460746,6712.638910680787,1288.5109405326934,320.1394181393782,HNNA-202_res2160_mu1000_sigma100_rate1003_aqOn.yuv
0,17041.812958577055,3544.851864855335,600.7183064608496,120.85381178430421,MRSM-301_res2160_mu100000_sigma0_rate100000_aqOn.yuv
1,7597.002522167529,2019.9626947575816,442.8113262295131,116.94896685898424,MRSM-301_res2160_mu1000_sigma100_rate1127_aqOn.yuv
0,18074.312715079846,4349.912226931052,1043.9337659598323,304.3392377022704,EXPA-510-1_res2160_mu100000_sigma0_rate100000_aqOn.yuv
1,24581.194186617668,2856.2538361184515,791.8407057293036,290.2594726349644,EXPA-510-1_res1080_mu5400_sigma300_rate5269_aqOn.yuv
0,20685.54541656771,4829.525877067019,1114.335752187678,286.61916774012093,COVT-107_res2160_mu100000_sigma0_rate100000_aqOn.yuv
1,8109.172878713316,1855.903371088516,708.2271037372742,270.7484914219839,COVT-107_res2160_mu1000_sigma100_rate1021_aqOn.yuv
0,24332.700346489262,6168.291847274558,1530.1802065837667,250.75707090730916,CMDY-101-00h10m21s_res2160_mu100000_sigma0_rate100000_aqOn.yuv
1,8950.30855665375,2054.4772501647444,564.3279029728737,165.5991543247594,CMDY-101-00h10m21s_res1080_mu1200_sigma100_rate1292_aqOn.yuv
0,14546.251524886913,4290.148963327956,931.7509593738685,155.73771221930716,Wot_res2160_mu100000_sigma0_rate100000_aqOn.yuv
1,7481.936225252593,2192.915409561504,579.0780751250048,147.22840743870307,Wot_res1080_mu500_sigma100_rate514_aqOn.yuv
0,8956.51660496841,3288.8567872580725,941.9206596226204,283.4389312332801,COVT-107_res2160_mu100000_sigma0_rate100000_aqOn.yuv
1,8109.172878713316,1855.903371088516,708.2271037372742,270.7484914219839,COVT-107_res1080_mu5400_sigma300_rate5513_aqOn.yuv
0,14797.833766713627,4777.274023533095,1307.427955868437,346.23795666835366,THBY-103_res2160_mu100000_sigma0_rate100000_aqOn.yuv
1,15930.346229612638,2983.9695891682413,899.6908094525597,306.13530433446135,THBY-103_res720_mu1500_sigma300_rate1281_aqOn.yuv
0,18437.750506752564,4813.058302830417,784.1353231572591,124.47988636619307,EplJuvVsRma-night2_res2160_mu100000_sigma0_rate100000_aqOn.yuv
1,19336.658340343485,3750.479125980479,662.5027517033028,121.75168030840956,EplJuvVsRma-night2_res1080_mu500_sigma100_rate586_aqOn.yuv
0,16621.653045165313,4820.7328923897185,1487.1608755727252,406.5009718727908,Disney_res2160_mu100000_sigma0_rate100000_aqOn.yuv
1,10030.588442145012,3278.9636192057064,1284.616610397477,400.9299732562856,Disney_res2160_mu11200_sigma300_rate11453_aqOn.yuv
0,26182.15088733731,5044.086079350535,862.1195367378431,165.09328408975097,CHMA-101_res2160_mu100000_sigma0_rate100000_aqOn.yuv
1,11692.34544494568,1968.3029119351138,443.3962001651075,113.44127049478308,CHMA-101_res2160_mu1000_sigma100_rate1126_aqOn.yuv
0,38947.1936587093,8435.863232835387,1760.9692352600305,332.89901035177553,BTFB-01h41m55s_res2160_mu100000_sigma0_rate100000_aqOn.yuv
1,17295.40161748026,2850.990202448652,840.0565712856773,322.90752883949494,BTFB-01h41m55s_res2160_mu3000_sigma300_rate2798_aqOn.yuv
0,19189.37064639642,5986.739127757624,1251.4779696040898,197.05219992582172,CHMA-302_res2160_mu100000_sigma0_rate100000_aqOn.yuv
1,13139.845636426491,5262.266573427875,1227.6214185517147,203.24475798417055,CHMA-302_res2160_mu11200_sigma300_rate11021_aqOn.yuv
0,10044.667380216075,2726.0647449239927,866.2768235377976,308.87245894623885,HERO-00h02m40s_res2160_mu100000_sigma0_rate100000_aqOn.yuv
1,10317.632015436231,2316.7932778664444,717.5371401703449,271.4757060843412,HERO-00h02m40s_res600_mu800_sigma50_rate831_aqOn.yuv
0,12157.268232654673,3191.2363318458915,833.7947268047886,251.0775581105198,CHEM_res2160_mu100000_sigma0_rate100000_aqOn.yuv
1,7435.715688813504,1767.279476528401,597.248134153609,229.33143598192407,CHEM_res1080_mu1200_sigma100_rate1197_aqOn.yuv
0,18646.230392969737,5410.553150588314,1128.9439329221007,182.68058098718882,AERO-00h13m10s_res2160_mu100000_sigma0_rate100000_aqOn.yuv
1,23942.931744356683,3630.943345881784,818.9234907218187,164.08475819434312,AERO-00h13m10s_res1080_mu5400_sigma300_rate5419_aqOn.yuv
0,8424.390267420391,2413.5127042017675,756.072511195857,301.5585328364453,COVT-110_res2160_mu100000_sigma0_rate100000_aqOn.yuv
1,10529.305962892753,1674.316443799336,601.6779311197384,248.4487939410078,COVT-110_res720_mu1500_sigma300_rate906_aqOn.yuv
0,17042.81904621326,4591.322287309642,1034.573453831541,183.39899519445086,BTFB-01h12m33s_res2160_mu100000_sigma0_rate100000_aqOn.yuv
1,23801.853881054372,3161.8529422585216,726.6880364733961,165.01901431346135,BTFB-01h12m33s_res600_mu800_sigma50_rate703_aqOff.yuv
0,10207.150227155398,2431.5494013824537,548.8387744909918,126.26630355049105,Wot-2_res2160_mu100000_sigma0_rate100000_aqOn.yuv
1,6694.2884959820785,1598.0033249097273,369.35229301363614,107.7016760480636,Wot-2_res720_mu1500_sigma100_rate1329_aqOff.yuv
0,18282.128787059715,3889.9162645971173,883.611571979217,278.3859606856493,CHEM_res2160_mu100000_sigma0_rate100000_aqOn.yuv
1,7435.715688813504,1767.279476528401,597.248134153609,229.33143598192407,CHEM_res2160_mu1000_sigma100_rate1012_aqOn.yuv
0,12628.855341259376,3417.7474609991177,839.1988891172026,154.02997998394815,CHMA-101_res2160_mu100000_sigma0_rate100000_aqOn.yuv
1,11692.34544494568,1968.3029119351138,443.3962001651075,113.44127049478308,CHMA-101_res600_mu800_sigma200_rate461_aqOn.yuv
0,20311.367235193276,7372.289366124759,2123.7389216961556,473.0509027111619,Disney_res2160_mu100000_sigma0_rate100000_aqOn.yuv
1,10030.588442145012,3278.9636192057064,1284.616610397477,400.9299732562856,Disney_res600_mu800_sigma50_rate928_aqOn.yuv
0,19490.03864890159,3819.301380479537,635.4480598970506,126.61453096803729,CHMA-101_res2160_mu100000_sigma0_rate100000_aqOn.yuv
1,11692.34544494568,1968.3029119351138,443.3962001651075,113.44127049478308,CHMA-101_res2160_mu3000_sigma300_rate3316_aqOn.yuv
0,15494.578248403364,5325.699502405374,1349.4765669224778,349.49659900349866,Disney-3_res2160_mu100000_sigma0_rate100000_aqOn.yuv
1,8463.593166735174,2087.297438273664,793.8836203045955,328.05450262472084,Disney-3_res720_mu1500_sigma300_rate2255_aqOn.yuv
0,13281.76693141797,3928.2828616161732,941.694936598138,174.49324630921407,JKRY-108_res2160_mu100000_sigma0_rate100000_aqOn.yuv
1,8463.483613568775,2422.8950731252294,571.8938883293954,128.63868029997107,JKRY-108_res1080_mu5400_sigma300_rate5128_aqOn.yuv
0,11364.934944797173,3569.374510271848,1025.7222044475286,295.72545521675175,COVT-107_res2160_mu100000_sigma0_rate100000_aqOn.yuv
1,8109.172878713316,1855.903371088516,708.2271037372742,270.7484914219839,COVT-107_res720_mu1500_sigma300_rate1328_aqOn.yuv
0,17162.446093565362,4391.33705796751,1021.4285108078124,261.69446656073296,MOLV-102_res2160_mu100000_sigma0_rate100000_aqOn.yuv
1,11798.976107601933,2238.9314633075555,712.24883273431,265.9395283664993,MOLV-102_res1080_mu1200_sigma100_rate1304_aqOn.yuv
0,37547.779121700536,5981.6366091848295,1283.330058257536,308.3766170545769,EXPA-504_res2160_mu100000_sigma0_rate100000_aqOn.yuv
1,17162.213945014086,2410.540172612669,829.5691093935231,293.69606141473827,EXPA-504_res2160_mu3000_sigma300_rate2899_aqOn.yuv
0,40940.0050516368,8968.558939703116,1757.5124393988217,330.08203269954555,BTFB-01h41m55s_res2160_mu100000_sigma0_rate100000_aqOn.yuv
1,17295.40161748026,2850.990202448652,840.0565712856773,322.90752883949494,BTFB-01h41m55s_res2160_mu3000_sigma300_rate2798_aqOff.yuv
0,27938.79770678174,5550.178587136999,997.1676227838059,149.03780055374366,CHMA-302_res2160_mu100000_sigma0_rate100000_aqOn.yuv
1,13139.845636426491,5262.266573427875,1227.6214185517147,203.24475798417055,CHMA-302_res2160_mu1000_sigma100_rate974_aqOn.yuv
0,26157.89139833374,6176.911452886082,1408.950685236671,356.08826826052706,HZLN_res2160_mu100000_sigma0_rate100000_aqOn.yuv
1,15274.092118626408,4340.034605984185,1222.0417615415636,359.3800425542917,HZLN_res2160_mu1000_sigma100_rate1047_aqOn.yuv
0,34314.906382773144,5868.628247747698,1043.3178333978358,304.736930677207,HNNA-102_res2160_mu100000_sigma0_rate100000_aqOn.yuv
1,15682.295219280808,2553.228795388099,760.6886801175199,294.23165415840526,HNNA-102_res2160_mu3000_sigma300_rate2873_aqOn.yuv
0,14152.048670714834,5239.114794458926,1199.6930240577278,323.8291642851301,THBY-103_res2160_mu100000_sigma0_rate100000_aqOn.yuv
1,15930.346229612638,2983.9695891682413,899.6908094525597,306.13530433446135,THBY-103_res1080_mu5400_sigma300_rate5135_aqOn.yuv
0,15557.670088968805,2614.5254894991845,506.9040101501729,117.2085674087455,CHMA-101_res2160_mu100000_sigma0_rate100000_aqOn.yuv
1,11692.34544494568,1968.3029119351138,443.3962001651075,113.44127049478308,CHMA-101_res2160_mu11200_sigma300_rate10762_aqOn.yuv
0,36743.144979173194,6529.789693923098,1321.533202461294,309.2640015012355,EXPA-504_res2160_mu100000_sigma0_rate100000_aqOn.yuv
1,17162.213945014086,2410.540172612669,829.5691093935231,293.69606141473827,EXPA-504_res2160_mu1000_sigma100_rate1057_aqOn.yuv
0,13217.461270438509,3468.3538987734273,875.0727549055551,258.6488808842592,CHEM_res2160_mu100000_sigma0_rate100000_aqOn.yuv
1,7435.715688813504,1767.279476528401,597.248134153609,229.33143598192407,CHEM_res1080_mu500_sigma100_rate772_aqOn.yuv
0,9864.784400479177,3524.823119234267,868.1103772077331,303.985690240885,COVT-110_res2160_mu100000_sigma0_rate100000_aqOn.yuv
1,10529.305962892753,1674.316443799336,601.6779311197384,248.4487939410078,COVT-110_res1080_mu500_sigma100_rate578_aqOn.yuv
0,16222.306016523373,3419.82086430742,528.5128936335966,134.39160896420026,Wot-2_res2160_mu100000_sigma0_rate100000_aqOn.yuv
1,6694.2884959820785,1598.0033249097273,369.35229301363614,107.7016760480636,Wot-2_res2160_mu3000_sigma300_rate3149_aqOff.yuv
0,35208.93354221354,7839.626504234747,2649.909122752581,629.1576770809473,CIND-00h13m44s_res2160_mu100000_sigma0_rate100000_aqOn.yuv
1,44468.11735791276,12047.41239500129,2921.8511412009702,684.4595269245995,CIND-00h13m44s_res600_mu800_sigma50_rate831_aqOn.yuv
0,30036.349838024158,9196.001091439592,2013.7598040563212,236.5264278787441,EplJuvVsRma-night1_res2160_mu100000_sigma0_rate100000_aqOn.yuv
1,20080.94869723258,3388.7667300220046,715.577805340117,154.34698102363947,EplJuvVsRma-night1_res720_mu1500_sigma300_rate1235_aqOn.yuv
0,18007.533657199376,7104.6460305747505,1675.889456546079,368.12112735585686,EXPA-504_res2160_mu100000_sigma0_rate100000_aqOn.yuv
1,17162.213945014086,2410.540172612669,829.5691093935231,293.69606141473827,EXPA-504_res1080_mu1200_sigma100_rate1064_aqOn.yuv
0,25591.258004534986,6509.932749130556,1714.3132576287328,403.71015144830983,HZLN_res2160_mu100000_sigma0_rate100000_aqOn.yuv
1,15274.092118626408,4340.034605984185,1222.0417615415636,359.3800425542917,HZLN_res1080_mu500_sigma100_rate391_aqOn.yuv
0,11419.926583406894,3168.7011336103374,734.964489997798,143.47000593493567,Wot_res2160_mu100000_sigma0_rate100000_aqOn.yuv
1,7481.936225252593,2192.915409561504,579.0780751250048,147.22840743870307,Wot_res720_mu1500_sigma300_rate1136_aqOn.yuv
0,9179.699608797437,2273.236293506014,569.2512968685546,138.2568399735623,Wot-2_res2160_mu100000_sigma0_rate100000_aqOn.yuv
1,6694.2884959820785,1598.0033249097273,369.35229301363614,107.7016760480636,Wot-2_res600_mu800_sigma50_rate824_aqOff.yuv
0,18210.886864853273,4269.685685935387,1153.3556555290272,313.630309914597,COVT-107_res2160_mu100000_sigma0_rate100000_aqOn.yuv
1,8109.172878713316,1855.903371088516,708.2271037372742,270.7484914219839,COVT-107_res2160_mu3000_sigma300_rate2669_aqOn.yuv
0,17718.715520113485,5573.672209022489,1574.7125383729533,406.92587120726796,EXPA-505_res2160_mu100000_sigma0_rate100000_aqOn.yuv
1,8177.569333683881,1714.39172160739,688.3125716194847,297.4540628054656,EXPA-505_res1080_mu1200_sigma100_rate1130_aqOn.yuv
0,19952.818582392003,4104.709557773684,919.8804334951845,220.65404646767183,BTFB-00h33m50s_res2160_mu100000_sigma0_rate100000_aqOn.yuv
1,10362.673391228056,2882.5690593226172,752.9164407633007,199.76440069585428,BTFB-00h33m50s_res2160_mu11200_sigma300_rate11440_aqOn.yuv
0,13620.472496201073,4408.532958196005,1269.732797388991,299.9591659727186,COVT-107_res2160_mu100000_sigma0_rate100000_aqOn.yuv
1,8109.172878713316,1855.903371088516,708.2271037372742,270.7484914219839,COVT-107_res1080_mu500_sigma100_rate588_aqOn.yuv
0,17212.812292932424,2821.421585244965,746.6243341077413,267.4595686870492,HERO-00h02m40s_res2160_mu100000_sigma0_rate100000_aqOn.yuv
1,10317.632015436231,2316.7932778664444,717.5371401703449,271.4757060843412,HERO-00h02m40s_res2160_mu3000_sigma300_rate3089_aqOff.yuv
0,11324.072608912147,2931.2087567779404,737.1085126306195,132.59011797534686,CHMA-402_res2160_mu100000_sigma0_rate100000_aqOn.yuv
1,10888.080166451495,3137.717215815768,639.430287312551,119.74628419195291,CHMA-402_res600_mu800_sigma200_rate557_aqOn.yuv
0,36047.2355238497,6897.028132566233,1315.2968697664237,332.4059465655205,EXPA-505_res2160_mu100000_sigma0_rate100000_aqOn.yuv
1,8177.569333683881,1714.39172160739,688.3125716194847,297.4540628054656,EXPA-505_res2160_mu1000_sigma100_rate1114_aqOn.yuv
0,27164.556888024657,7086.269296232991,1627.3882238793183,329.16178205418447,HNNA-102_res2160_mu100000_sigma0_rate100000_aqOn.yuv
1,15682.295219280808,2553.228795388099,760.6886801175199,294.23165415840526,HNNA-102_res1080_mu500_sigma100_rate449_aqOn.yuv
0,25534.155144788176,7854.54555986893,2414.447237375798,564.5361270677881,7500-00h15m25s_res2160_mu100000_sigma0_rate100000_aqOn.yuv
1,23953.367884620417,5174.480918213736,1400.4626765927162,460.342937009651,7500-00h15m25s_res720_mu1500_sigma100_rate1511_aqOn.yuv
0,25787.254247334502,5515.412320943387,1238.117933641509,337.47558429051185,Disney-3_res2160_mu100000_sigma0_rate100000_aqOn.yuv
1,8463.593166735174,2087.297438273664,793.8836203045955,328.05450262472084,Disney-3_res2160_mu3000_sigma300_rate3097_aqOn.yuv
0,32826.98897582489,4747.469886195904,870.5282256352432,173.87389801426957,BTFB-01h12m33s_res2160_mu100000_sigma0_rate100000_aqOn.yuv
1,23801.853881054372,3161.8529422585216,726.6880364733961,165.01901431346135,BTFB-01h12m33s_res2160_mu11200_sigma300_rate10924_aqOn.yuv
0,12140.48382559307,2487.30237269163,717.3833762395622,272.89344147681027,HERO-00h01m57s_res2160_mu100000_sigma0_rate100000_aqOn.yuv
1,9525.654786263804,2369.076089125996,732.083355087311,276.4142717386965,HERO-00h01m57s_res2160_mu3000_sigma300_rate3314_aqOn.yuv
0,48945.45665596954,10994.04037458153,2150.0198372604973,435.4949396770286,BTFB-01h05m40s_res2160_mu100000_sigma0_rate100000_aqOn.yuv
1,19594.55097820652,2583.0068010407317,650.3394552807556,267.57445163813657,BTFB-01h05m40s_res2160_mu3000_sigma300_rate3123_aqOff.yuv
0,32792.25233402104,4553.979465359441,1069.2324735185052,305.1569150502399,EXPA-504_res2160_mu100000_sigma0_rate100000_aqOn.yuv
1,17162.213945014086,2410.540172612669,829.5691093935231,293.69606141473827,EXPA-504_res2160_mu11200_sigma300_rate11055_aqOn.yuv
0,12633.240708216395,3167.2953910885485,836.5550458780241,266.09601785772566,MOLV-102_res2160_mu100000_sigma0_rate100000_aqOn.yuv
1,11798.976107601933,2238.9314633075555,712.24883273431,265.9395283664993,MOLV-102_res1080_mu5400_sigma300_rate5504_aqOn.yuv
0,11838.324525415486,3568.466978081413,910.9723530640936,178.0929309217564,AERO-00h13m10s_res2160_mu100000_sigma0_rate100000_aqOn.yuv
1,23942.931744356683,3630.943345881784,818.9234907218187,164.08475819434312,AERO-00h13m10s_res600_mu800_sigma50_rate766_aqOn.yuv
0,21923.29048187993,8606.40653289483,2088.8026581219347,478.6710911670733,Disney_res2160_mu100000_sigma0_rate100000_aqOn.yuv
1,10030.588442145012,3278.9636192057064,1284.616610397477,400.9299732562856,Disney_res720_mu1500_sigma100_rate1486_aqOn.yuv
0,28871.632958206468,6594.008550890933,1649.801050358787,296.38336278814086,CMDY-101-00h10m21s_res2160_mu100000_sigma0_rate100000_aqOn.yuv
1,8950.30855665375,2054.4772501647444,564.3279029728737,165.5991543247594,CMDY-101-00h10m21s_res1080_mu500_sigma100_rate514_aqOn.yuv
0,21520.318351076425,7255.541232571234,1473.0542616602695,149.48484334304095,EplLeyVsWre-day_res2160_mu100000_sigma0_rate100000_aqOn.yuv
1,24539.633326769745,3457.5660909980757,673.5978103546367,121.24007737278349,EplLeyVsWre-day_res600_mu800_sigma200_rate835_aqOn.yuv
0,41498.7688313535,9144.5143376366,2079.7029193950957,505.6301017493954,CIND-00h13m44s_res2160_mu100000_sigma0_rate100000_aqOn.yuv
1,44468.11735791276,12047.41239500129,2921.8511412009702,684.4595269245995,CIND-00h13m44s_res2160_mu3000_sigma300_rate2750_aqOff.yuv
0,23619.350131843086,5965.537001216263,1145.4306786511077,186.25885228812967,BTFB-01h12m33s_res2160_mu100000_sigma0_rate100000_aqOn.yuv
1,23801.853881054372,3161.8529422585216,726.6880364733961,165.01901431346135,BTFB-01h12m33s_res1080_mu1200_sigma100_rate1213_aqOn.yuv
0,30450.12819970871,6879.988160839497,1473.9302023933546,372.3899045619606,Disney-3_res2160_mu100000_sigma0_rate100000_aqOn.yuv
1,8463.593166735174,2087.297438273664,793.8836203045955,328.05450262472084,Disney-3_res2160_mu1000_sigma100_rate819_aqOn.yuv
0,7144.367758021027,2124.569973356432,711.6478532305055,260.118825784744,COVT-110_res2160_mu100000_sigma0_rate100000_aqOn.yuv
1,10529.305962892753,1674.316443799336,601.6779311197384,248.4487939410078,COVT-110_res600_mu800_sigma200_rate1094_aqOn.yuv
0,39385.817690672775,10273.906978825147,2575.5208815259352,655.6236312607303,CIND-00h13m44s_res2160_mu100000_sigma0_rate100000_aqOn.yuv
1,44468.11735791276,12047.41239500129,2921.8511412009702,684.4595269245995,CIND-00h13m44s_res720_mu1500_sigma100_rate1568_aqOff.yuv
0,20222.565305708245,7884.189409849705,2078.751973181563,464.985464107474,Disney_res2160_mu100000_sigma0_rate100000_aqOn.yuv
1,10030.588442145012,3278.9636192057064,1284.616610397477,400.9299732562856,Disney_res1080_mu5400_sigma300_rate4925_aqOn.yuv
0,19852.409250787812,4965.762957043571,1353.66969643929,308.98812388955014,HNNA-202_res2160_mu100000_sigma0_rate100000_aqOn.yuv
1,39242.458959460746,6712.638910680787,1288.5109405326934,320.1394181393782,HNNA-202_res720_mu1500_sigma300_rate1507_aqOn.yuv
0,17770.53243350627,4023.3137396347256,997.2445226451832,328.5445943190731,MSPY-2_res2160_mu100000_sigma0_rate100000_aqOn.yuv
1,8426.862645881924,2143.5333638725956,763.7926200094985,310.4979614064619,MSPY-2_res2160_mu11200_sigma300_rate11016_aqOn.yuv
0,34883.70015105846,7031.281996730779,1260.6975631547764,220.49670757769215,BTFB-00h33m50s_res2160_mu100000_sigma0_rate100000_aqOn.yuv
1,10362.673391228056,2882.5690593226172,752.9164407633007,199.76440069585428,BTFB-00h33m50s_res2160_mu3000_sigma300_rate2862_aqOff.yuv
0,30270.044050936736,6840.651066929087,1061.807236981584,129.6671614754968,EplLeyVsWre-day_res2160_mu100000_sigma0_rate100000_aqOn.yuv
1,24539.633326769745,3457.5660909980757,673.5978103546367,121.24007737278349,EplLeyVsWre-day_res720_mu1500_sigma300_rate1565_aqOn.yuv
0,10585.449789154753,2419.181267763228,722.6079678557475,274.6331808983346,HERO-00h01m57s_res2160_mu100000_sigma0_rate100000_aqOn.yuv
1,9525.654786263804,2369.076089125996,732.083355087311,276.4142717386965,HERO-00h01m57s_res2160_mu11200_sigma300_rate11363_aqOn.yuv
0,9954.603544505007,2773.369949230858,570.8565995370952,122.13340511683744,MRSM-301_res2160_mu100000_sigma0_rate100000_aqOn.yuv
1,7597.002522167529,2019.9626947575816,442.8113262295131,116.94896685898424,MRSM-301_res1080_mu5400_sigma300_rate5519_aqOn.yuv
0,15166.640742347941,4238.381141089055,1001.7082609626029,185.52181258602096,JKRY-108_res2160_mu100000_sigma0_rate100000_aqOn.yuv
1,8463.483613568775,2422.8950731252294,571.8938883293954,128.63868029997107,JKRY-108_res720_mu1500_sigma300_rate1374_aqOn.yuv
0,40104.95645848116,9106.717672589944,2758.5426752713115,546.5071767791165,BTFB-01h05m40s_res2160_mu100000_sigma0_rate100000_aqOn.yuv
1,19594.55097820652,2583.0068010407317,650.3394552807556,267.57445163813657,BTFB-01h05m40s_res1080_mu1200_sigma100_rate1172_aqOn.yuv
0,35421.336908464975,6616.209748354274,947.0295775094551,168.02396988557368,AERO-00h13m10s_res2160_mu100000_sigma0_rate100000_aqOn.yuv
1,23942.931744356683,3630.943345881784,818.9234907218187,164.08475819434312,AERO-00h13m10s_res2160_mu1000_sigma100_rate1006_aqOn.yuv
0,37573.92035967619,8532.38650086288,1983.0183178818445,473.51106417972846,CIND-00h13m44s_res2160_mu100000_sigma0_rate100000_aqOn.yuv
1,44468.11735791276,12047.41239500129,2921.8511412009702,684.4595269245995,CIND-00h13m44s_res2160_mu1000_sigma100_rate1011_aqOn.yuv
0,15550.164222718255,3874.3679412815814,787.714540907723,159.02978532396156,Wot-2_res2160_mu100000_sigma0_rate100000_aqOn.yuv
1,6694.2884959820785,1598.0033249097273,369.35229301363614,107.7016760480636,Wot-2_res1080_mu1200_sigma100_rate1272_aqOn.yuv
0,14674.60409433377,3729.835788967661,898.4884394760167,150.6710107844486,CHMA-402_res2160_mu100000_sigma0_rate100000_aqOn.yuv
1,10888.080166451495,3137.717215815768,639.430287312551,119.74628419195291,CHMA-402_res1080_mu500_sigma100_rate498_aqOn.yuv
0,24846.175076471103,7686.914553012183,1173.9455779991113,174.1476311821139,CHMA-313-2_res2160_mu100000_sigma0_rate100000_aqOn.yuv
1,19942.718823469248,5043.1487608854595,755.4863568169941,146.3022041307068,CHMA-313-2_res1080_mu500_sigma100_rate638_aqOn.yuv
0,12758.194953637054,1894.6936595863378,611.0899577381531,248.07464151262397,COVT-110_res2160_mu100000_sigma0_rate100000_aqOn.yuv
1,10529.305962892753,1674.316443799336,601.6779311197384,248.4487939410078,COVT-110_res2160_mu11200_sigma300_rate11920_aqOn.yuv
0,35486.82695453123,7416.360671750013,1312.2795210640447,238.33354633070667,BTFB-01h12m21s_res2160_mu100000_sigma0_rate100000_aqOn.yuv
1,24448.620540643813,3352.7401450330963,708.6198978714201,190.52605535853803,BTFB-01h12m21s_res2160_mu3000_sigma300_rate3219_aqOff.yuv
0,36062.22416160935,8554.310127419858,1564.8871472759276,291.8972488870244,BTFB-01h41m55s_res2160_mu100000_sigma0_rate100000_aqOn.yuv
1,17295.40161748026,2850.990202448652,840.0565712856773,322.90752883949494,BTFB-01h41m55s_res2160_mu1000_sigma100_rate1051_aqOn.yuv
0,15442.68868433122,4314.970310774172,955.1653324983347,171.08475147071243,AERO-00h13m10s_res2160_mu100000_sigma0_rate100000_aqOn.yuv
1,23942.931744356683,3630.943345881784,818.9234907218187,164.08475819434312,AERO-00h13m10s_res720_mu1500_sigma100_rate1573_aqOff.yuv
0,25868.678350972667,4113.684742060894,614.1337797773739,106.27453970581692,EplJuvVsRma-night3_res2160_mu100000_sigma0_rate100000_aqOn.yuv
1,17939.76270861606,2996.685275478388,496.6435948817766,103.37368599826853,EplJuvVsRma-night3_res2160_mu1700_sigma0_rate1700_aqOn.yuv
0,20994.423481004167,4798.312646940231,859.3538002293617,157.4225362468787,EplJuvVsRma-night1_res2160_mu100000_sigma0_rate100000_aqOn.yuv
1,20080.94869723258,3388.7667300220046,715.577805340117,154.34698102363947,EplJuvVsRma-night1_res1080_mu5400_sigma300_rate5567_aqOn.yuv
0,24575.562231558517,4753.04753025101,834.4124698057703,124.69614843315016,EplLeyVsWre-day_res2160_mu100000_sigma0_rate100000_aqOn.yuv
1,24539.633326769745,3457.5660909980757,673.5978103546367,121.24007737278349,EplLeyVsWre-day_res1080_mu5400_sigma300_rate5841_aqOn.yuv
0,9361.906716632044,2515.2724239161607,680.324856571188,234.86273154512565,CHEM_res2160_mu100000_sigma0_rate100000_aqOn.yuv
1,7435.715688813504,1767.279476528401,597.248134153609,229.33143598192407,CHEM_res1080_mu5400_sigma300_rate4943_aqOn.yuv
0,19451.794637052324,4700.713224534941,1346.989248475498,257.2511465806998,BTFB-01h12m21s_res2160_mu100000_sigma0_rate100000_aqOn.yuv
1,24448.620540643813,3352.7401450330963,708.6198978714201,190.52605535853803,BTFB-01h12m21s_res720_mu1500_sigma100_rate1624_aqOn.yuv
0,22683.229798646582,6471.838666137603,1520.2316946888332,326.682959193277,EXPA-510-1_res2160_mu100000_sigma0_rate100000_aqOn.yuv
1,24581.194186617668,2856.2538361184515,791.8407057293036,290.2594726349644,EXPA-510-1_res1080_mu1200_sigma100_rate1196_aqOn.yuv
0,34695.709583964344,4487.772337541455,760.1170510274984,123.54165895352173,EplLeyVsWre-day_res2160_mu100000_sigma0_rate100000_aqOn.yuv
1,24539.633326769745,3457.5660909980757,673.5978103546367,121.24007737278349,EplLeyVsWre-day_res2160_mu11200_sigma300_rate11327_aqOn.yuv
0,12704.594138409495,2527.2869119395036,718.8447492751844,265.9068739825167,HERO-00h01m57s_res2160_mu100000_sigma0_rate100000_aqOn.yuv
1,9525.654786263804,2369.076089125996,732.083355087311,276.4142717386965,HERO-00h01m57s_res2160_mu3000_sigma300_rate3314_aqOff.yuv
0,18730.421116677884,3625.990658915015,1256.3358503387974,223.94849309316743,CHMA-302_res2160_mu100000_sigma0_rate100000_aqOn.yuv
1,13139.845636426491,5262.266573427875,1227.6214185517147,203.24475798417055,CHMA-302_res600_mu800_sigma200_rate1053_aqOn.yuv
0,19053.64221915268,5032.251409287767,1194.9437847127242,257.05835650349485,MOLV-102_res2160_mu100000_sigma0_rate100000_aqOn.yuv
1,11798.976107601933,2238.9314633075555,712.24883273431,265.9395283664993,MOLV-102_res1080_mu500_sigma100_rate385_aqOn.yuv
0,8083.436641080814,2320.9130320939644,741.277781564307,279.0422773383246,HERO-00h01m57s_res2160_mu100000_sigma0_rate100000_aqOn.yuv
1,9525.654786263804,2369.076089125996,732.083355087311,276.4142717386965,HERO-00h01m57s_res1080_mu5400_sigma300_rate5435_aqOn.yuv
0,15658.722573058612,5676.2201863829105,1376.7555176423264,316.0554107600343,EXPA-504_res2160_mu100000_sigma0_rate100000_aqOn.yuv
1,17162.213945014086,2410.540172612669,829.5691093935231,293.69606141473827,EXPA-504_res720_mu1500_sigma300_rate1819_aqOn.yuv
0,33768.36830073353,7220.907784056635,2274.54397114919,613.2821087660808,CIND-00h13m44s_res2160_mu100000_sigma0_rate100000_aqOn.yuv
1,44468.11735791276,12047.41239500129,2921.8511412009702,684.4595269245995,CIND-00h13m44s_res600_mu800_sigma50_rate831_aqOff.yuv
0,33401.01886262593,8183.412281112041,1792.857010601413,302.39048436619856,BTFB-01h12m21s_res2160_mu100000_sigma0_rate100000_aqOn.yuv
1,24448.620540643813,3352.7401450330963,708.6198978714201,190.52605535853803,BTFB-01h12m21s_res1080_mu500_sigma100_rate269_aqOn.yuv
0,16656.289103886134,4869.559081709969,1477.307505524213,392.70095285157413,HZLN_res2160_mu100000_sigma0_rate100000_aqOn.yuv
1,15274.092118626408,4340.034605984185,1222.0417615415636,359.3800425542917,HZLN_res600_mu800_sigma200_rate667_aqOn.yuv
0,34250.06741754196,5286.058264254114,951.5254097371859,273.75884304140817,MOLV-102_res2160_mu100000_sigma0_rate100000_aqOn.yuv
1,11798.976107601933,2238.9314633075555,712.24883273431,265.9395283664993,MOLV-102_res2160_mu1000_sigma100_rate1035_aqOn.yuv
0,36586.156448881855,7809.316747627613,1417.4704640691018,230.9356727721756,BTFB-01h12m21s_res2160_mu100000_sigma0_rate100000_aqOn.yuv
1,24448.620540643813,3352.7401450330963,708.6198978714201,190.52605535853803,BTFB-01h12m21s_res2160_mu1000_sigma100_rate922_aqOn.yuv
0,38770.94589451806,8320.788573331829,1510.7682647972938,251.3407289316596,BTFB-00h33m50s_res2160_mu100000_sigma0_rate100000_aqOn.yuv
1,10362.673391228056,2882.5690593226172,752.9164407633007,199.76440069585428,BTFB-00h33m50s_res2160_mu1000_sigma100_rate1009_aqOn.yuv
0,25347.323129537475,7429.539045735446,1992.158834993466,437.65306521760726,MSPY-2_res2160_mu100000_sigma0_rate100000_aqOn.yuv
1,8426.862645881924,2143.5333638725956,763.7926200094985,310.4979614064619,MSPY-2_res1080_mu500_sigma100_rate614_aqOn.yuv
0,53188.98051437463,14715.610002275651,3802.6154833156,572.3267158315641,EplJuvVsRma-night1_res2160_mu100000_sigma0_rate100000_aqOn.yuv
1,20080.94869723258,3388.7667300220046,715.577805340117,154.34698102363947,EplJuvVsRma-night1_res1080_mu500_sigma100_rate534_aqOn.yuv
0,16304.059027683841,5432.137633473899,1278.796704572315,345.61095741766746,MSPY-2_res2160_mu100000_sigma0_rate100000_aqOn.yuv
1,8426.862645881924,2143.5333638725956,763.7926200094985,310.4979614064619,MSPY-2_res720_mu1500_sigma300_rate1778_aqOn.yuv
0,24050.06758711945,5925.749335645816,1228.4350240479657,187.14598311448356,CHMA-302_res2160_mu100000_sigma0_rate100000_aqOn.yuv
1,13139.845636426491,5262.266573427875,1227.6214185517147,203.24475798417055,CHMA-302_res2160_mu3000_sigma300_rate3401_aqOn.yuv
0,41380.63328656392,10415.658785083262,2288.3426782585348,499.0063256158195,CIND-00h13m44s_res2160_mu100000_sigma0_rate100000_aqOn.yuv
1,44468.11735791276,12047.41239500129,2921.8511412009702,684.4595269245995,CIND-00h13m44s_res2160_mu3000_sigma300_rate2750_aqOn.yuv
0,11221.784735214897,3520.149570157642,1151.7570186109783,330.10740005774653,CHEM_res2160_mu100000_sigma0_rate100000_aqOn.yuv
1,7435.715688813504,1767.279476528401,597.248134153609,229.33143598192407,CHEM_res600_mu800_sigma200_rate630_aqOn.yuv
0,26965.35388872547,6491.34138532889,1619.866821843679,265.2227794439225,BTFB-01h12m21s_res2160_mu100000_sigma0_rate100000_aqOn.yuv
1,24448.620540643813,3352.7401450330963,708.6198978714201,190.52605535853803,BTFB-01h12m21s_res1080_mu1200_sigma100_rate1238_aqOff.yuv
0,18004.619586947952,5703.933522223624,1664.6428489751806,419.9848349911643,BTFB-01h41m55s_res2160_mu100000_sigma0_rate100000_aqOn.yuv
1,17295.40161748026,2850.990202448652,840.0565712856773,322.90752883949494,BTFB-01h41m55s_res1080_mu5400_sigma300_rate5685_aqOn.yuv
0,15613.737660049042,4055.3324085178624,874.0662550226996,147.94185626322306,CHMA-101_res2160_mu100000_sigma0_rate100000_aqOn.yuv
1,11692.34544494568,1968.3029119351138,443.3962001651075,113.44127049478308,CHMA-101_res1080_mu1200_sigma100_rate1219_aqOn.yuv
0,12105.175499910612,3207.2785551617535,860.9305411029515,280.25409483719193,HERO-00h01m57s_res2160_mu100000_sigma0_rate100000_aqOn.yuv
1,9525.654786263804,2369.076089125996,732.083355087311,276.4142717386965,HERO-00h01m57s_res1080_mu1200_sigma100_rate1171_aqOn.yuv
0,32207.49477771634,7420.842814127569,2488.6973994732093,486.72618287415656,BTFB-01h41m55s_res2160_mu100000_sigma0_rate100000_aqOn.yuv
1,17295.40161748026,2850.990202448652,840.0565712856773,322.90752883949494,BTFB-01h41m55s_res1080_mu1200_sigma100_rate1459_aqOn.yuv
0,15788.237774456718,4653.891722095759,1241.3550467387583,244.2689947311214,BTFB-00h33m50s_res2160_mu100000_sigma0_rate100000_aqOn.yuv
1,10362.673391228056,2882.5690593226172,752.9164407633007,199.76440069585428,BTFB-00h33m50s_res600_mu800_sigma50_rate884_aqOff.yuv
0,11800.756455788172,3035.065661246896,587.2025460312867,122.52857484907331,MRSM-301_res2160_mu100000_sigma0_rate100000_aqOn.yuv
1,7597.002522167529,2019.9626947575816,442.8113262295131,116.94896685898424,MRSM-301_res720_mu1500_sigma300_rate1542_aqOn.yuv
0,12060.287651971415,3283.49981022689,718.7733380570523,127.92586658500701,CHMA-402_res2160_mu100000_sigma0_rate100000_aqOn.yuv
1,10888.080166451495,3137.717215815768,639.430287312551,119.74628419195291,CHMA-402_res720_mu1500_sigma300_rate1248_aqOn.yuv
0,29935.752945944067,6192.041718534132,2561.056743770833,652.6026319121264,BTFB-01h05m40s_res2160_mu100000_sigma0_rate100000_aqOn.yuv
1,19594.55097820652,2583.0068010407317,650.3394552807556,267.57445163813657,BTFB-01h05m40s_res600_mu800_sigma50_rate779_aqOn.yuv
0,18310.938026576656,5120.261317746919,1504.3272050100973,377.9325826987766,MSPY-2_res2160_mu100000_sigma0_rate100000_aqOn.yuv
1,8426.862645881924,2143.5333638725956,763.7926200094985,310.4979614064619,MSPY-2_res600_mu800_sigma200_rate839_aqOn.yuv
0,27025.978373761158,7207.275100411653,1450.8688349196188,227.91252317055904,BTFB-01h12m33s_res2160_mu100000_sigma0_rate100000_aqOn.yuv
1,23801.853881054372,3161.8529422585216,726.6880364733961,165.01901431346135,BTFB-01h12m33s_res1080_mu500_sigma100_rate541_aqOn.yuv
0,19573.305490072446,5071.796161865288,1341.960229716174,349.2427291824697,HZLN_res2160_mu100000_sigma0_rate100000_aqOn.yuv
1,15274.092118626408,4340.034605984185,1222.0417615415636,359.3800425542917,HZLN_res2160_mu11200_sigma300_rate11150_aqOn.yuv
